Time,Open,Close,High,Low,Volume
2022-03-03,43896.8,42456.3,44088,41832,324545814.8
2022-03-02,44428.2,43896.9,45367.5,43332.8,340460526.5
2022-03-01,43174.8,44428.2,44966,42796.9,444858241.2
2022-02-28,37706.7,43179.8,44210.4,37446.5,564121052.5
2022-02-27,39117.3,37706.7,39864,36977.4,388368905.7
2022-02-26,39219.6,39119.1,40300,38560.3,306410979.9
2022-02-25,38320.9,39219.6,39695,38015,386047125.7
2022-02-24,37248.2,38320.9,39823.3,34325,680985023.6
2022-02-23,38229.6,37248.1,39285.2,37046.8,331098529.4
2022-02-22,37020.5,38229.6,38448.4,36333.1,324319840.5
2022-02-21,38380,37025.7,39500,36800,389078244.9
2022-02-20,40086.7,38380,40125.2,37979.3,250940407.5
2022-02-19,39976.6,40086.7,40454,39632,150092458.9
2022-02-18,40507.2,39976.5,40959.6,39450,330966909.4
2022-02-17,43866.6,40507.2,44169.3,40058.8,454761079.5
2022-02-16,44563.6,43868.5,44565.3,43320,283744445.6
2022-02-15,42535,44563.5,44800.8,42425.3,336712539.1
2022-02-14,42056.3,42534.3,42861.8,41525.7,382673634.4
2022-02-13,42222.4,42056.4,42767.7,41869.1,188255780.4
2022-02-12,42370.1,42222.4,43033,41725.3,240179110.5
2022-02-11,43495.4,42370.1,43964.9,41952,445568913.5
2022-02-10,44374.8,43495.4,45831.9,43165.3,527011527.8
2022-02-09,44045.7,44374.8,44801.8,43122,365238493.8
2022-02-08,43843.4,44042.7,45500,42668.3,561717500.4
2022-02-07,42394.8,43845.7,44500,41649.9,525826343.9
2022-02-06,41386.8,42394.8,42655,41117.9,230419046.4
2022-02-05,41579.6,41386.8,41920,40800,251061235.2
2022-02-04,37320.9,41579.7,41756.4,37032,436101931.9
2022-02-03,36889.7,37320.9,37381.9,36249.1,271055514.6
2022-02-02,38693.3,36883.9,38860,36576,301579632.1
2022-02-01,38467.4,38693.4,39286,38021.2,342129854.9
2022-01-31,37882.5,38467.3,38739,36626.7,333707039.6
2022-01-30,38179.7,37884.9,38366,37350,205231326
2022-01-29,37715.6,38179.6,38723.1,37305,271001519.9
2022-01-28,37166.8,37715.6,38006,36162,436964893.7
2022-01-27,36816.3,37166.8,37259,35515.8,421659694.2
2022-01-26,36958.1,36811.8,38936,36217.9,537828487.9
2022-01-25,36669.3,36956.9,37549,35703.8,379085399.9
2022-01-24,36253.7,36675.4,37557.3,32918.7,623129340.2
2022-01-23,35064.9,36253.6,36663,34600.8,362422689.8
2022-01-22,36454.8,35064.3,36828,34011.4,650337858.6
2022-01-21,40680.9,36454.9,41103.4,35420,805123488.1
2022-01-20,41665.9,40686,43498.3,40563.2,432951676.3
2022-01-19,42349.3,41666,42559.4,41140,408738707.9
2022-01-18,42202.1,42349.2,42675.2,41279,357390611
2022-01-17,43072.6,42202.2,43176.9,41500,253486952.7
2022-01-16,43074.1,43072.6,43477,42600,198746399.5
2022-01-15,43067.3,43074,43800.9,42564.1,198239498.9
2022-01-14,42569.6,43067.3,43459.9,41713,315076305.5
2022-01-13,43917,42569.6,44421,42311,381607893.5
2022-01-12,42734.5,43916.9,44330.1,42456.1,379366703.3
2022-01-11,41816.4,42734.6,43101.5,41257.1,404571339.2
2022-01-10,41877.6,41816.3,42262.6,39651,436052177
2022-01-09,41680.7,41877.6,42791.3,41214.9,320295181.7
2022-01-08,41561.5,41680.5,42319.7,40501,405771071.4
2022-01-07,43086.1,41561.4,43149.3,40600,564380542.4
2022-01-06,43456.2,43086.1,43817.3,42420,422214413.2
2022-01-05,45833,43456.8,47052.4,42500,642545805.9
2022-01-04,46443.4,45833,47529,45555,391342323.4
2022-01-03,47291.7,46443.4,47577,45700,326687252.8
2022-01-02,47728.6,47291.8,47990,46656.1,230185198.6
2022-01-01,46216.4,47728.6,47936.7,46210.4,244429577.2
2021-12-31,47122.5,46216.4,48563.6,45668.7,421424853.8
2021-12-30,46466.4,47122.4,47906.9,45932.2,355274219.9
2021-12-29,47543.8,46466.4,48139.5,46039.5,385992871.4
2021-12-28,50715.6,47543.8,50715.6,47289.6,549598324.4
2021-12-27,50771.5,50715.7,52072.2,50446.5,338802264.2
2021-12-26,50405.9,50771.5,51279.7,49449.8,296678249
2021-12-25,50811,50405.9,51139.9,50180,237352986.8
2021-12-24,50836.6,50806.2,51821,50401.5,362202620.3
2021-12-23,48582.2,50836.6,51369.3,48011.5,457414041.4
2021-12-22,48891.5,48582.3,49564,48421.1,389366494.2
2021-12-21,46898.1,48891.4,49322,46655.6,357318509
2021-12-20,46678.5,46898.1,47525.7,45562.7,452867076.1
2021-12-19,46825.3,46678.5,48280,46410,367966986.6
2021-12-18,46146.4,46825.3,47350,45500.1,256921386.3
2021-12-17,47624.7,46146.3,48001,45425.6,430522904.6
2021-12-16,48873.4,47624.6,49435.1,47512,390317185.2
2021-12-15,48350.8,48873.4,49540,46539.9,467022214.6
2021-12-14,46695.8,48355.2,48665.4,46285,374822293.2
2021-12-13,50055.1,46695.8,50210.1,45714.5,484063976.8
2021-12-12,49392,50055.1,50774.9,48650,280893046
2021-12-11,47131.6,49391.6,49485,46714.6,332513353.3
2021-12-10,47545.1,47135.7,50100,46852.7,525084431.2
2021-12-09,50472.2,47548.6,50800,47317,487901273.5
2021-12-08,50582.3,50467.3,51203.6,48600,451349974.8
2021-12-07,50442.4,50582.3,51930.7,50026.6,450594771.9
2021-12-06,49398.5,50442.4,50900,47120.3,626157750.5
2021-12-05,49166.5,49398.1,49691.2,47726,489318419.3
2021-12-04,53611.6,49166.5,53855,40589,813911345.4
2021-12-03,56484.7,53630.4,57600,51367,434955898.6
2021-12-02,57187.5,56484.6,57372.8,55752.5,337692238.2
2021-12-01,56937.8,57187.5,59038.7,56450,417797646.8
2021-11-30,57777.4,56928.1,59200,55877.1,468364796.4
2021-11-29,57275.5,57777.4,58882.3,56664.5,408336675
2021-11-28,54713.6,57275.5,57443.9,53235.6,371130261
2021-11-27,53720.3,54714.7,55288,53600,286730318.6
2021-11-26,58956.3,53723.3,59154.9,53500,646552307.4
2021-11-25,57136.9,58952.4,59400,57000,412301934.9
2021-11-24,57540.2,57136.9,57722.3,55868,457719367.2
2021-11-23,56245,57540.2,57858.9,55320,467100249.3
2021-11-22,58595.6,56245.1,59497.9,55630,591121412
2021-11-21,59707.4,58595.3,60039,58500.1,308717788.9
2021-11-20,58049.2,59707.4,59850,57355,310644998.4
2021-11-19,56877.8,58048.5,58331,55600,417030063.7
2021-11-18,60345,56877.7,60951.2,56473.3,622911867.5
2021-11-17,60060.8,60345,60822.7,58358.6,527388313.7
2021-11-16,63610.4,60060.8,63613.5,58557.5,778068482.2
2021-11-15,65505.1,63611.8,66361,63368,383210071.3
2021-11-14,64370.6,65505.2,65511.1,63569.8,267874693.4
2021-11-13,64134.1,64370.6,64963.5,63369.3,200216587.9
2021-11-12,64770.9,64134.1,65472.7,62263.9,478645588
2021-11-11,64892.2,64769.2,65589.9,64109.1,355460152.1
2021-11-10,66943,64892.2,69028,62540,608460351.2
2021-11-09,67509.4,66941.7,68500.1,66171.6,444215755
2021-11-08,63267.9,67509.5,67795.7,63267.9,583849967.4
2021-11-07,61467.1,63264.8,63277.2,61326.7,301402150.1
2021-11-06,60947.7,61467.1,61555,60050,260493501.9
2021-11-05,61401.9,60947.9,62604,60730,317153935.3
2021-11-04,62893.9,61401.9,63086.9,60700,386571709
2021-11-03,63221.9,62894,63506.8,60400,450449274.4
2021-11-02,60898,63221.9,64281.4,60635,495641463.2
2021-11-01,61293.9,60897.5,62440.6,59381.2,489592233.2
2021-10-31,61855.9,61293.6,62397,59964,408215639.5
2021-10-30,62253.2,61855.9,62368,60644,298289856.7
2021-10-29,60590.7,62253.3,62961.9,60193,472894245.6
2021-10-28,58408.2,60590.7,62509,57820,692607986.7
2021-10-27,60330.2,58408.2,61488.2,57963,649228950.5
2021-10-26,63082.9,60329.6,63287.1,59850,439034713.6
2021-10-25,60853.9,63082.8,63710.7,60658.1,429536055
2021-10-24,61296.2,60854,61487.6,59517.2,384294281.8
2021-10-23,60698.6,61296.2,61748,59611,349728982.8
2021-10-22,62210,60699,63734.9,60011,491055331.9
2021-10-21,66007.2,62210.1,66663.4,62015.3,863866244.7
2021-10-20,64285.4,66007.2,66985.9,63500,644294797.4
2021-10-19,62027.7,64285.4,64472.4,61324.6,702243691.5
2021-10-18,61526.2,62027.8,62694,59868.3,624039708.7
2021-10-17,60878.5,61526.2,61701,58977,385518488.3
2021-10-16,61673.4,60878.4,62358,60154.4,402479983.2
2021-10-15,57344.8,61673.9,62947.4,56861.8,860666768.9
2021-10-14,57367.2,57344.9,58529.9,56795,471000802.4
2021-10-13,56001.1,57367.2,57764.4,54222.5,470511860.3
2021-10-12,57471.9,56004.5,57670,53889,529269410.6
2021-10-11,54663.6,57471.9,57840,54414.4,482625180.7
2021-10-10,54948.5,54663.6,56505.5,54095,415682780.3
2021-10-09,53949.7,54947.7,55500,53650,303944142.6
2021-10-08,53778.6,53949.7,56138.6,53613,417615286.1
2021-10-07,55314.7,53778.6,55329.4,53376.8,583950349
2021-10-06,51462.3,55314.7,55770.5,50386.1,609030484.6
2021-10-05,49223.7,51462.3,51887,49034.7,433273705.8
2021-10-04,48204.2,49223.7,49500,46909,509138223.2
2021-10-03,47631.6,48204.2,49219.4,47099.9,308151904.9
2021-10-02,48148.8,47631.6,48333,47436.1,211051611.6
2021-10-01,43819.1,48144.5,48466.6,43293.6,363416598.9
2021-09-30,41529.8,43817.2,44123,41413,238839823.9
2021-09-29,41018.9,41536.9,42593,40752.1,184926857.3
2021-09-28,42137.1,41018.9,42762.2,40875,206345988.1
2021-09-27,43170.6,42137,44357.1,42090.6,202917520.4
2021-09-26,42676.5,43170.6,43930,40751,227257670.8
2021-09-25,42803.8,42676.6,42969.9,41631.2,185182671.4
2021-09-24,44865.6,42803.9,45144.1,40683,410919062.9
2021-09-23,43550.7,44865.7,44978.2,43064.1,236772551.6
2021-09-22,40730.3,43556.4,44000,40568,269585374
2021-09-21,43010.4,40730.4,43648,39571,421193931.2
2021-09-20,47242.4,43018.6,47353.6,42470.5,481199344.8
2021-09-19,48294,47242.5,48366.5,46816.2,187339847.2
2021-09-18,47300.3,48294,48800,47030,172058748.1
2021-09-17,47738.6,47300.3,48139.1,46750.6,204334748.2
2021-09-16,48124.3,47738.6,48520,47012.4,215858424.1
2021-09-15,47108.1,48124.3,48444.2,46693,218201912.8
2021-09-14,44938.3,47108.8,47245.4,44645,222264878.2
2021-09-13,46025.5,44938.3,46852.2,43375,329259917
2021-09-12,45170.5,46025.5,46443,44738.1,188488416.8
2021-09-11,44850.4,45170.5,45984,44728,184897662.1
2021-09-10,46393,44850.3,47032,44119.1,285236810.2
2021-09-09,46047.6,46393.1,47392,45488.6,267985685.5
2021-09-08,46864,46048.1,47338.5,44408,335884186.5
2021-09-07,52667.2,46861.7,52920,42478.9,611376305.1
2021-09-06,51768,52667.2,52827.3,50969.3,237997715.3
2021-09-05,49902.8,51768,51885.2,49460.9,197799196.4
2021-09-04,50010.9,49902.6,50548.5,49368,164611825.1
2021-09-03,49248.8,50011,51027,48322.5,284012587.5
2021-09-02,48815.3,49248.9,50380.8,48595,252058688.2
2021-09-01,47095.5,48815.3,49125,46503.8,224376539.3
2021-08-31,46981,47095.5,48248.9,46688.9,210838523.3
2021-08-30,48763.2,46981,48869.4,46833.1,247649040.1
2021-08-29,48892,48763.2,49634.8,47750,178385922.9
2021-08-28,49053.7,48890,49286,48350,159023327.2
2021-08-27,46829.4,49054.1,49164,46344.1,215034437.6
2021-08-26,48983.3,46829.5,49342.3,46275,256433924.3
2021-08-25,47662.5,48983.2,49250,47130,238867868
2021-08-24,49481.7,47662.5,49897.1,47567,281234168.4
2021-08-23,49232.9,49478.2,50531.2,49002.8,352804744.5
2021-08-22,48821.3,49237.4,49490,48034,278508768.6
2021-08-21,49319.9,48821.3,49776.4,48195.9,325201390.7
2021-08-20,46765.6,49319.4,49400.4,46632.5,379218742.1
2021-08-19,44708.3,46765.7,47049.2,43925.6,329313825.6
2021-08-18,44684.4,44708.3,46015.3,44206.8,423494019.1
2021-08-17,45887,44684.3,47172.9,44390.7,465759379.1
2021-08-16,46980.5,45887,48045,45627.7,382127783.3
2021-08-15,47071.4,46980.4,47377.6,45486.7,349642973.4
2021-08-14,47807.7,47071.4,48151.3,45969.2,305557435.9
2021-08-13,44411.3,47807.7,47891,44222.3,378273659.2
2021-08-12,45520.4,44415.2,46209,43750,404820768
2021-08-11,45581.5,45520.8,46740,45337.8,350803776.9
2021-08-10,46263.7,45581.3,46707.6,44632,300838105
2021-08-09,43792.5,46269,46457,42780,353748144.7
2021-08-08,44574.9,43792.8,45317.9,43265.5,369925437.3
2021-08-07,42839.5,44574.4,44707.3,42411,365418851.2
2021-08-06,40864.5,42839.6,43376.7,39856.1,357276690.5
2021-08-05,39725.3,40864.4,41350,37304.2,429871959.3
2021-08-04,38201.6,39719.8,39959.4,37500,314458638.2
2021-08-03,39147.8,38201.7,39774,37653.6,356802445
2021-08-02,39852.1,39147.8,40468.6,38689,283806454.7
2021-08-01,41464,39852.1,42581.7,39390.1,281739326.8
2021-07-31,42202.9,41464,42423.4,41026.4,245815752.1
2021-07-30,40022.4,42217.2,42308.9,38320,305134414.3
2021-07-29,40016.1,40022.4,40648.9,39255,292111567.1
2021-07-28,39465.6,40015.5,40893,38746.8,399785544.5
2021-07-27,37242,39465.5,39554,36345,214670342.3
2021-07-26,35385.1,37242.9,40569.7,35208,537795117.3
2021-07-25,34256.7,35388.4,35400,33848.3,141970016.8
2021-07-24,33634.7,34256.7,34494.6,33399.9,127958831.1
2021-07-23,32289.8,33634.7,33640,31964,105752206.3
2021-07-22,32144.1,32289.7,32600,31717,101199710.7
2021-07-21,29783.6,32144,32844.8,29481.8,217802130.2
2021-07-20,30833.4,29782.5,31056.4,29272,167764490.4
2021-07-19,31778.2,30833.3,31893,30400,103744972.3
2021-07-18,31520.2,31778.1,32447,31112,105548271.8
2021-07-17,31383.4,31520.2,31950.9,31173.6,89815389.13
2021-07-16,31877.8,31389.1,32246.9,31026,105188036.5
2021-07-15,32819.3,31868.5,33184,31150,133583939.9
2021-07-14,32725.2,32819.3,33170,31575.4,141937548.6
2021-07-13,33089,32725.2,33341,32195,118153057.6
2021-07-12,34263.5,33089.4,34702.9,32630.4,138177733.4
2021-07-11,33510,34263.5,34611.3,33318.5,97552330.49
2021-07-10,33815.5,33510,34260.9,33037,109503559.5
2021-07-09,32872.8,33816.4,34100,32265,112577830.2
2021-07-08,33862.7,32875.7,33922.7,32085.5,145653465.5
2021-07-07,34227.1,33862.8,35057.3,33777.2,131551764
2021-07-06,33683.7,34228.5,35100,33510,151140327.8
2021-07-05,35279.8,33683.7,35283.7,33130.7,138884272.9
2021-07-04,34675.2,35273.7,35966.8,34349.9,103698865.6
2021-07-03,33791.5,34675.2,34942.6,33324,112243766.7
2021-07-02,33500,33791.4,33988.2,32700.8,160305767.2
2021-07-01,35045.4,33500.1,35056.5,32711,197113094.5
2021-06-30,35906.6,35045.4,36099.6,34022.7,200265522
2021-06-29,34490.8,35908.9,36595.2,34234.4,220229621.6
2021-06-28,34703.8,34490.7,35291.5,33857.4,222031983.5
2021-06-27,32283.7,34704.4,34752.4,32001.2,205535768.1
2021-06-26,31588.1,32283.7,32720.9,30153,257996506.2
2021-06-25,34658,31588.1,35499.9,31276.1,286526052.1
2021-06-24,33676.1,34657.9,35301.4,32306.2,213058141.8
2021-06-23,32505,33675,34839.8,31709,329515574.3
2021-06-22,31614,32505.1,33290.2,28801.8,456701075.8
2021-06-21,35603.2,31614.1,35742.5,31251.6,447895035.2
2021-06-20,35479.6,35600.5,36191.3,33335,247106949.7
2021-06-19,35822.9,35478.5,36492.7,34811,200080223.6
2021-06-18,38094.7,35823,38194.5,35117.3,265798131.1
2021-06-17,38356,38091.2,39571.9,37366.3,300356565.4
2021-06-16,40154.6,38347.2,40496.1,38105.2,313057464
2021-06-15,40543.1,40156.7,41355.3,39525,300509566.4
2021-06-14,39015.3,40543,41029,38737.2,390847958.3
2021-06-13,35553.3,39018.7,39375,34761.7,291833418.8
2021-06-12,37332.6,35573.4,37453.7,34625.5,219888857.2
2021-06-11,36673,37337.6,37680.4,35926.2,209651638.4
2021-06-10,37386.3,36673,38451.5,35800,294611922.5
2021-06-09,33379.8,37377,37534.7,32393.9,343432220.2
2021-06-08,33560,33379.8,34061.3,31000,358886482.9
2021-06-07,35798,33560,36800,33301.3,238469255.1
2021-06-06,35514.6,35798.1,36465.9,35230.4,186157287
2021-06-05,36829.3,35514.6,37962.4,34800,265851704.3
2021-06-04,39249.9,36829.3,39285.7,35555.8,303419310
2021-06-03,37589,39249.9,39474.5,37176.2,230828970.6
2021-06-02,36694.6,37589,38230.7,35926.8,225880526.9
2021-06-01,37257.6,36689.4,37898.9,35698.1,280928353.8
2021-05-31,35644.5,37257.6,37500,34127.8,299164717
2021-05-30,34605.6,35644.4,36496.4,33393.1,269410832.4
2021-05-29,35661.3,34600.2,37337.8,33621,431403491.3
2021-05-28,38529.4,35661.2,38875,34683,419888900.7
2021-05-27,39241.3,38527.7,40399,37134.7,328474370.6
2021-05-26,38320.9,39241.4,40831.3,37803.6,361841801
2021-05-25,38803.2,38320.9,39793.6,36444.6,361761310.1
2021-05-24,34687.8,38809.9,39920,34370.3,386404645.8
2021-05-23,37446.3,34676.9,38271.7,31088,500827223.2
2021-05-22,37252.7,37453.8,38837.7,35210,380977242.3
2021-05-21,40522.7,37257,42238.2,33433.3,509140291.3
2021-05-20,36670.8,40530.5,42398.4,34875.4,508622726.6
2021-05-19,42850.7,36664.7,43571,29000,836064780.5
2021-05-18,43531.1,42847.8,45784.2,42267.2,419737500.8
2021-05-17,46426.1,43538.7,46617,42112.5,516079876.2
2021-05-16,46775.5,46427.4,49785.8,43877.8,442072367.4
2021-05-15,49848.4,46775.4,50660.8,46556.7,379327493.4
2021-05-14,49675.4,49848.5,51465,48813,273449532.7
2021-05-13,49627.6,49675.4,51360.8,45800,497271871
2021-05-12,56678.4,49661.9,57990,48352.8,522673294.3
2021-05-11,55813.2,56678.3,56856,54428.1,382931091.5
2021-05-10,58250.3,55813.2,59499.9,52538,466857350.5
2021-05-09,58863.1,58250.2,59208.9,56227.1,337488136
2021-05-08,57307.2,58863.1,59491,56910.4,343485003.6
2021-05-07,56397.7,57307.3,58643.2,55244.6,372658922
2021-05-06,57431.5,56397.6,58362.4,55242,365133897.8
2021-05-05,53196.3,57431.5,57979.7,52888,344232265.4
2021-05-04,57159.7,53196.3,57188.2,53083.3,390469293.4
2021-05-03,56568.5,57159.7,58977.9,56451.3,276554749.5
2021-05-02,57794.7,56568.5,57903.7,56044.3,199206958.1
2021-05-01,57697.3,57794.7,58471.4,57006.3,210179438.2
2021-04-30,53558.5,57697.3,57936.4,53042.6,277531927.9
2021-04-29,54833.1,53558.4,55181.2,52340.1,234153663.4
2021-04-28,55014.2,54833.2,56399.1,53808.3,262912695.6
2021-04-27,53997.1,55014.3,55439,53240.8,237020455.9
2021-04-26,49069,54000.2,54336.4,48775.8,353727728.3
2021-04-25,50041.5,49086.9,50554.6,46966.2,237153315.2
2021-04-24,51109.8,50033,51157.9,48676.5,241336360.9
2021-04-23,51691.2,51102.7,52112.1,47502.1,441295812.6
2021-04-22,53793.5,51696.4,55474.7,50400,475394174.2
2021-04-21,56426.1,53793.6,56761.7,53602,345339357.8
2021-04-20,55618.7,56427.8,57061.6,53328,480164200.6
2021-04-19,56152.7,55618.8,57583.4,54205.2,432634348.9
2021-04-18,59995.3,56150.6,60409.5,49001,637797282.4
2021-04-17,61342.7,59995.2,62497.8,59599.6,328364887.7
2021-04-16,63152.6,61342.6,63509.7,59930.8,510423835.7
2021-04-15,62954.4,63152.6,63772.1,62023.9,296178401.8
2021-04-14,63578.7,62958.7,64840,61000,487298143.9
2021-04-13,59863.4,63578.7,63759.7,59815,430518557.6
2021-04-12,60007.6,59863.4,61270.7,59417.4,277430208.7
2021-04-11,59770.2,60007.6,60687.4,59247.6,233158562.8
2021-04-10,58138.2,59770.2,61350,57902.1,332014577.5
2021-04-09,58076.7,58131.6,58900,57666.9,204849717.1
2021-04-08,55958.2,58076.7,58141,55700.6,181817013.5
2021-04-07,57988.3,55958.2,58668.6,55439,299996660.4
2021-04-06,59116.2,57988.3,59497.5,57304.8,173169186.8
2021-04-05,58201.4,59116.2,59254.1,56501,174821106.7
2021-04-04,57052.5,58201.4,58481.2,56432.6,119228330.2
2021-04-03,58963.6,57058.3,59795,56721.2,147434403.1
2021-04-02,58735.7,58963.6,60179.1,58460.7,151446539.6
2021-04-01,58745.5,58735.7,59487.1,57879,186078130.9
2021-03-31,58753.2,58745.9,59800,56357.5,288469053.1
2021-03-30,57630.8,58754.6,59351.9,57072.8,208118726.1
2021-03-29,55772.8,57628.9,58400.5,54926.5,251384747.3
2021-03-28,55820.3,55772.9,56541,54666.6,176119911.2
2021-03-27,55031.9,55820.4,56628.6,53967.5,200758048.8
2021-03-26,51301.7,55032,55062.5,51225.3,245299757.5
2021-03-25,52307.1,51301.7,53239.1,50455,375950351.6
2021-03-24,54348.4,52307.4,57200,51499.6,351202326.2
2021-03-23,54086.8,54348.4,55823.1,52986.3,239135883.5
2021-03-22,57345.3,54096.1,58415.5,53667,237141977
2021-03-21,58113.5,57350.2,58591.6,55501,186845535.5
2021-03-20,58024.3,58113.5,59874.6,57825.6,161565114.2
2021-03-19,57648.9,58024.2,59450.1,56071,217005823.7
2021-03-18,58882.9,57648.9,60107.7,57000,297279816.5
2021-03-17,56880.3,58875.8,58951.8,54147.5,328135601.6
2021-03-16,55607.1,56880.3,56918.9,53240.3,409052587.5
2021-03-15,59000,55607.1,60632.9,54525.6,338468393.2
2021-03-14,61174.3,59000,61700,59000,186155667.7
2021-03-13,57220.7,61180.9,61815.3,56059.3,259602986.9
2021-03-12,57781,57238.5,58057.5,55013.7,228810606.1
2021-03-11,55863.7,57781.1,58150,54238,191915265
2021-03-10,54867.5,55865.5,57364,52911.4,224565244.8
2021-03-09,52376.9,54867.6,54867.6,51833.8,165487483.1
2021-03-08,50956.6,52377,52387.5,49287.5,137751640.2
2021-03-07,48885,50930.4,51424.7,48885,122962479.8
2021-03-06,48746.9,48871.9,49255.1,47001,94201823.81
2021-03-05,48374.5,48758.9,49450,46189.8,176318969.5
2021-03-04,50347.6,48374.5,51762.1,47505.7,178873453.3
2021-03-03,48440.6,50345.5,52623.9,48100,160801620.8
2021-03-02,49590.3,48441.2,50201.6,47052.8,142575425.5
2021-03-01,45136.5,49590.3,49771.3,44958.9,169389196.8
2021-02-28,46111.3,45141.6,46626.1,43004.3,175990962.5
2021-02-27,46290.2,46114.4,48381.9,44836.5,134946360
2021-02-26,47082,46289.6,48408.8,44135,247604118.9
2021-02-25,49676.5,47082.7,52019.6,46624.4,184044004.4
2021-02-24,48902.9,49685.2,51361.9,47003.2,239303706.8
2021-02-23,54085.9,48908.3,54174.2,44900,389277314.4
2021-02-22,57420.6,54096.6,57517.8,44160,330513978.5
2021-02-21,55851.4,57423,58336.3,55489.6,143658132.7
2021-02-20,55893.6,55851.5,57622.6,53463.3,190744601.4
2021-02-19,51561.1,55890.5,56317.7,50727,200656740.9
2021-02-18,52114.3,51568.9,52522.9,50906.4,113272339.2
2021-02-17,49147.7,52118.1,52609.6,48931.1,170893567.5
2021-02-16,47913.1,49147.7,50619.3,47023.9,176084748.8
2021-02-15,48587.2,47904.4,49003.6,42841.6,188990056.3
2021-02-14,47152.5,48591.9,49686.9,47026.3,163299915.8
2021-02-13,47305.4,47152.6,48120.5,46225.5,129227867.9
2021-02-12,47963.1,47310.7,48958.8,46181.2,159561721.4
2021-02-11,44806.1,47941.5,48647.6,44005.8,188171652
2021-02-10,46430,44812.2,47300,43687.5,198189685.6
2021-02-09,46374.6,46434.8,48139.3,44961,201891604
2021-02-08,38807.6,46373.5,46767.9,38010,212132648.4
2021-02-07,39195.4,38807.6,39623.6,37341.4,91972455.83
2021-02-06,38294.4,39195.5,40964.2,38217.5,153897343.5
2021-02-05,36936.4,38294.4,38300,36575.7,86197126.87
2021-02-04,37612.1,36948.5,38700,36155.4,134562940.5
2021-02-03,35480.2,37618.7,37651,35377.6,100220161.7
2021-02-02,33523,35481.7,35974.7,33411.4,101693604.8
2021-02-01,33100.7,33522.5,34693.8,32300,122663289.5
2021-01-31,34274.3,33100.8,34338.8,32120.9,80796973.18
2021-01-30,34240.7,34273.2,34914.9,32810,115776990.2
2021-01-29,33351.6,34240.3,38527.2,31924.6,336548477.6
2021-01-28,30353.9,33353.1,33761.2,29847.5,108315018.9
2021-01-27,32475.3,30343.9,32546.9,29254.1,137625687.3
2021-01-26,32253.6,32477.4,32911,30824.1,120848195.2
2021-01-25,32255.2,32268.8,34853.3,31677.6,106674513.2
2021-01-24,32073.6,32255.3,33068.2,30920.4,70624286.22
2021-01-23,32951.6,32075.4,33444.9,31398,92884159.6
2021-01-22,30860.8,32958.6,33814.4,28856,197989414.1
2021-01-21,35469.6,30860.8,35597.5,30064.7,224524544.1
2021-01-20,35899.3,35474.7,36404.4,33396.2,110343206.3
2021-01-19,36630.2,35899.3,37859.3,35866.8,96234699.47
2021-01-18,35824.4,36620.7,37481.7,34783.1,108121789.6
2021-01-17,35992.7,35836.2,36843.6,33804.9,122372685.9
2021-01-16,36745.1,35992.7,37934.9,35378,145880725.1
2021-01-15,39150.6,36748.2,39760,34364.1,177373458.9
2021-01-14,37364.5,39150.6,40099.9,36747.1,154324088.5
2021-01-13,34050,37388.3,37823,32361.8,211439082.7
2021-01-12,35395,34063.5,36632.8,32542.9,240358993.7
2021-01-11,38160.7,35392.3,38255.9,30425.1,525506119.2
2021-01-10,40096.6,38160.7,41330.9,34329,207867270.4
2021-01-09,40578.8,40096.6,41400,38734.2,137081709.5
2021-01-08,39439.5,40574.7,41948.3,36232,278784126.7
2021-01-07,36750.5,39439.5,40350,35700,245318722.3
2021-01-06,33946.6,36750.6,36933.6,33310.9,192433638.9
2021-01-05,31993.1,33938.6,34371,29806.1,167853552.8
2021-01-04,33005.9,31993,33600.2,27500,232014964.4
2021-01-03,32181.3,33000.4,34766,31500,190060494.2
2021-01-02,29333.2,32185.4,33286.8,28949.2,162634217.2
2021-01-01,28924.9,29333.2,29607.1,28633,48825289.88
2020-12-31,28868.2,28920.5,29333.1,27891.4,73593306.67
2020-12-30,27385.3,28868.1,28993.4,27300,87153870.38
2020-12-29,27075.5,27383.3,27405,25892.9,66288159.24
2020-12-28,26279.8,27075.6,27495.8,26104.4,59942921.59
2020-12-27,26487.5,26282.5,28418.2,25700,133104656.2
2020-12-26,24709.9,26486.9,26869.3,24502.7,71245479.44
2020-12-25,23728.9,24706.7,24783.7,23429.5,53166907.88
2020-12-24,23232.5,23729.6,23797.3,22705.7,41445144.97
2020-12-23,23813.1,23230.7,24125,22615.8,71427924.74
2020-12-22,22725.5,23813.1,23831.7,22371.7,50652136.19
2020-12-21,23469.5,22717.5,24103.4,21576.9,70516151.94
2020-12-20,23827.1,23469.5,24297.7,23085,39862615.54
2020-12-19,23113,23828,24166.8,22737.2,46540822.44
2020-12-18,22799.8,23110.8,23279,22348,39316497.41
2020-12-17,21340.8,22805.7,23842.1,21235,120800028.3
2020-12-16,19425.5,21340.8,21550,19283.7,54998465.17
2020-12-15,19271.1,19425.4,19568.3,19050,22644928.49
2020-12-14,19176.1,19271.1,19348.2,19002.2,15916667.89
2020-12-13,18809.8,19176.1,19411,18715,24652286.65
2020-12-12,18035.9,18806.8,18942.1,18020.9,17923733.3
2020-12-11,18251.4,18027,18288.9,17584.2,33048546.82
2020-12-10,18540,18251.2,18552.2,17913.4,22921047.22
2020-12-09,18326.3,18540.1,18635.5,17640.8,34056580.84
2020-12-08,19169,18327.3,19293.4,18183,25651244.02
2020-12-07,19360.8,19168.9,19419.1,18902,19534653.71
2020-12-06,19147,19362.6,19425.1,18859.3,21261532.66
2020-12-05,18652.5,19147,19172.8,18505.7,17325178.56
2020-12-04,19425.4,18654.6,19525.9,18548.6,34138071.04
2020-12-03,19202.9,19423.8,19602.9,18872.6,31489486.29
2020-12-02,18770.5,19206,19337,18325,48748096.71
2020-12-01,19693.8,18770.5,19888.9,18011,68126598.18
2020-11-30,18182.7,19693.9,19868.3,17229.8,69277740.22
2020-11-29,17716.8,18180.4,18346.7,17517.5,29506481.48
2020-11-28,17139.2,17716.8,17873.8,16866.1,32079169.72
2020-11-27,17148.8,17139.2,17451.2,16446.1,46106480.78
2020-11-26,18722.2,17148.5,18913.1,16203.3,96668242.79
2020-11-25,19160,18723.3,19480,18479.7,48673730.69
2020-11-24,18370.3,19153.2,19412.5,17999.9,64022858.33
2020-11-23,18415.1,18370.6,18762,18009,43071729.58
2020-11-22,18702.2,18416.9,18749.1,17622.2,43504186.84
2020-11-21,18659.4,18702.2,18964.9,18322.3,38567436.63
2020-11-20,17802.8,18659.4,18808.6,17747.4,40325078.23
2020-11-19,17779.2,17805.7,18170.7,17339.5,38367040.46
2020-11-18,17657.1,17775.4,18470.2,17112.2,75996631.32
2020-11-17,16711.8,17665.7,17857.5,16527,53473990.92
2020-11-16,15957.4,16711.8,16881.1,15868.8,28699492.82
2020-11-15,16071.3,15954,16158.5,15776.5,15609155.46
2020-11-14,16320.8,16064.7,16325.8,15701.5,18254961.33
2020-11-13,16290.4,16320.9,16472.3,15954.2,28383384.22
2020-11-12,15686.5,16297.1,16338.3,15450,37911608.35
2020-11-11,15298,15688.4,15972.9,15272.2,29009509.08
2020-11-10,15326.8,15299.4,15458.1,15077,18125019.56
2020-11-09,15477.4,15326.8,15840,14809.2,55734917.67
2020-11-08,14816.5,15478.3,15650,14706.4,37234143.09
2020-11-07,15580.6,14814.6,15751.9,14344.5,65926683.19
2020-11-06,15591.3,15578.3,15959.6,15179.5,85899207.36
2020-11-05,14141.3,15589.8,15746.2,14095.4,71710999.9
2020-11-04,14019.7,14141.3,14256.4,13529.2,43464532.58
2020-11-03,13550.8,14019.8,14060.6,13277.5,35861491.18
2020-11-02,13758.8,13550.9,13829.2,13196.3,29176290.99
2020-11-01,13792,13758.7,13891,13620,17194847.05
2020-10-31,13557.3,13792.1,14100,13412.8,35200579.64
2020-10-30,13454.9,13556.7,13666.9,13113,35442816.89
2020-10-29,13268.9,13455,13638.3,12974.3,32168710.26
2020-10-28,13636.8,13270.8,13853.7,12892.7,52496498.43
2020-10-27,13055.1,13636.9,13785.8,13038.6,34302557.94
2020-10-26,13031.3,13055.3,13232.4,12772,24137486.7
2020-10-25,13110.5,13031.3,13350,12899,17483435.33
2020-10-24,12923.9,13110.6,13163.9,12871.8,17613345.27
2020-10-23,12967.7,12924.6,13040.9,12723.6,26277001.12
2020-10-22,12785,12967.7,13183,12678.5,48976702.72
2020-10-21,11909.6,12785.1,13243.8,11887.5,65214802.65
2020-10-20,11750.1,11909.6,12032.3,11680,28649157.2
2020-10-19,11502.4,11750,11825.2,11407,14625643.32
2020-10-18,11361.4,11502.3,11504.4,11345.4,7700676.269
2020-10-17,11317.9,11361.3,11402.8,11259.7,7530971.688
2020-10-16,11502.8,11317.9,11538.9,11200,17615980.29
2020-10-15,11418.2,11503.9,11610,11254.7,21213508.96
2020-10-14,11420.9,11416.4,11544.3,11288.4,15230957.3
2020-10-13,11530.6,11419.4,11554.5,11307.6,15972907.69
2020-10-12,11371,11530.7,11718,11187,21720351.07
2020-10-11,11294.5,11371,11443,11269.9,10789988.67
2020-10-10,11052.8,11294.4,11488.7,11051.5,17182282.65
2020-10-09,10923.6,11052.9,11101,10833.3,12413609.64
2020-10-08,10666.7,10923.6,10947.4,10532.4,20788596.2
2020-10-07,10570.1,10667.1,10680.4,10532.9,15043704.95
2020-10-06,10792.5,10570.3,10800,10525,19270328.88
2020-10-05,10663.1,10792.4,10798,10617.6,10142571.75
2020-10-04,10539,10664.1,10688.9,10516.3,6253865.131
2020-10-03,10566.6,10539,10599.6,10483.4,6507069.821
2020-10-02,10619.4,10566.5,10663.7,10371.6,21111241.49
2020-10-01,10777.2,10620.1,10917.5,10437.5,24280779.68
2020-09-30,10840.2,10777.2,10846.8,10658.2,10047258.7
2020-09-29,10693.1,10840.2,10872.3,10630,12002442.83
2020-09-28,10772.5,10693.2,10956.8,10636.9,18483736.16
2020-09-27,10728.9,10772.4,10798.7,10589.4,12675761.19
2020-09-26,10688.2,10729,10823,10646.9,14666559.62
2020-09-25,10736.2,10688.2,10759.2,10554.8,22619114.45
2020-09-24,10241.7,10736.3,10792.5,10194.2,29881440.28
2020-09-23,10528.8,10241.7,10535.4,10137.6,31686806.7
2020-09-22,10417.1,10528.8,10571.8,10357.6,26103733.99
2020-09-21,10919.6,10417.1,10986.7,10297.3,51304371.61
2020-09-20,11081.6,10919.5,11081.6,10754.6,24039099.07
2020-09-19,10932.4,11081.6,11178.2,10890,20826842.08
2020-09-18,10938.8,10932.3,11037,10815.1,22964818.35
2020-09-17,10954.7,10938.7,11043.7,10746.5,33985407.1
2020-09-16,10784.9,10954.7,11091.9,10665.1,46111235.93
2020-09-15,10672.3,10785,10930.1,10606.5,47177935.05
2020-09-14,10329.6,10672.9,10749.1,10244.6,39353163.8
2020-09-13,10440.2,10329.6,10579,10214.1,28938920.31
2020-09-12,10387,10440.2,10476.9,10270.1,17296369.99
2020-09-11,10337.9,10386.9,10395.5,10196.6,24470994.07
2020-09-10,10219.6,10338,10482.7,10211.4,39177534.49
2020-09-09,10127.1,10219.7,10341.8,9983.7,30600579.13
2020-09-08,10372.1,10127.1,10437.5,9851.8,60912156.03
2020-09-07,10255.8,10372.1,10411.6,9877,51650116.33
2020-09-06,10168.1,10254.3,10345.5,9996.9,64904632.11
2020-09-05,10447.1,10166.4,10565.2,9836.9,133940966.2
2020-09-04,10134.6,10447.2,10625,9825,106170415.5
2020-09-03,11387.6,10136.2,11458.7,9900,94769303.96
2020-09-02,11922.5,11387.6,11952.4,11155,61354174.4
2020-09-01,11651.6,11922.4,12049.4,11530.1,52596404.71
2020-08-31,11710.9,11651.6,11780,11572.1,33293706.41
2020-08-30,11467.3,11711,11715.6,11460.7,32896421.41
2020-08-29,11527.4,11467.4,11577.6,11423.1,25519800.91
2020-08-28,11329,11527.4,11540,11279.1,32362796.51
2020-08-27,11460.8,11327.9,11584.7,11127,54132236.31
2020-08-26,11320.7,11460.7,11536.5,11243.6,42797831.36
2020-08-25,11751.4,11320.7,11765.8,11080.5,50297421.23
2020-08-24,11647.4,11751.4,11823.8,11588.3,26403569.7
2020-08-23,11665.4,11647.4,11713.6,11514.8,25727159.41
2020-08-22,11529.3,11665.3,11685,11379,31954463.63
2020-08-21,11858,11529.4,11878,11492.8,48133950.69
2020-08-20,11753.4,11858,11879.7,11667.4,35922896.97
2020-08-19,11945.4,11753.3,12019.6,11563.5,67083607.1
2020-08-18,12280.8,11945.4,12383.1,11250,62737295.58
2020-08-17,11910.2,12280.8,12450,11770.3,65821861.61
2020-08-16,11854.5,11910.1,11932.2,11685,44109139.1
2020-08-15,11759.8,11854.4,11980,11668.6,48282087.27
2020-08-14,11775.7,11759.7,11850,11635.6,34125775.08
2020-08-13,11565,11775.6,11787,11272.8,48028002.87
2020-08-12,11392.1,11564.7,11615.8,11152.4,41577942.73
2020-08-11,11890.3,11392.1,11933.2,11127.3,73435511.92
2020-08-10,11682.2,11890.1,12055.7,11500.1,63427375.94
2020-08-09,11765.7,11682.2,11794.1,11524.6,36842382.49
2020-08-08,11592.3,11765.7,11805,11518,43387835.85
2020-08-07,11764.4,11592.3,11906.7,11325,60108914.23
2020-08-06,11741.1,11764.2,11900,11566.3,43614008.51
2020-08-05,11188.6,11741.2,11782,11097.8,52656162.22
2020-08-04,11220.7,11188.7,11410,11020.3,42836893.49
2020-08-03,11070.6,11220.6,11477,10890,50278564.07
2020-08-02,11799.8,11070.6,12108.7,9998,89202389.65
2020-08-01,11336.3,11799.4,11857.7,11206.6,68483640.24
2020-07-31,11100.4,11336.4,11446.3,10963.4,50063703.11
2020-07-30,11100.9,11100.3,11170,10833.5,49449031.08
2020-07-29,10909.8,11101,11336,10450,60682503.56
2020-07-28,11026.7,10909.8,11240,10561.8,94002261.64
2020-07-27,9931,11026.5,11380,9922,122171905.2
2020-07-26,9699.7,9931,10124.6,9648.2,42443947.98
2020-07-25,9540.2,9699.6,9729.6,9525.7,24221598.07
2020-07-24,9603.1,9540.2,9631.9,9466.5,21509887.29
2020-07-23,9516.1,9603,9665.6,9444.5,29514427.94
2020-07-22,9385.5,9516.1,9531.2,9277.7,25105729.03
2020-07-21,9160.1,9385.4,9430.2,9153.1,27440003.94
2020-07-20,9206.6,9159.9,9218.7,9132.3,16242272.54
2020-07-19,9168.9,9206.6,9229,9103.9,13991238.88
2020-07-18,9154.2,9168.9,9204.8,9122.4,12435784.2
2020-07-17,9133.4,9154.1,9184.2,9088.6,11101702.45
2020-07-16,9199,9133.4,9224.9,9046.4,16957225.84
2020-07-15,9253.4,9198.9,9274.5,9161,14428470.61
2020-07-14,9242.5,9253.3,9275,9117.4,15757909.8
2020-07-13,9299.6,9242.6,9339.5,9204.6,19481242.85
2020-07-12,9232.6,9298.6,9342.7,9159.9,13174635.28
2020-07-11,9287,9232.5,9298.7,9180.2,12748633.72
2020-07-10,9235.2,9286.9,9313,9128.4,18498117.24
2020-07-09,9435.4,9235.1,9439.2,9164.8,24762314.24
2020-07-08,9255,9435.3,9467.9,9230,24888589.34
2020-07-07,9342.9,9254.9,9378.5,9186.7,30098389.26
2020-07-06,9072.4,9342.9,9374.1,9060,34101061.35
2020-07-05,9135.4,9072.4,9143.2,8912,22045158.2
2020-07-04,9059,9135.9,9187.6,9044.3,11365928.56
2020-07-03,9087.1,9058.8,9123.5,9038.1,12000862.6
2020-07-02,9231.4,9086.1,9260.4,8944.1,22009723.03
2020-07-01,9136.6,9231.4,9289,9091,19313717.22
2020-06-30,9191.1,9136.6,9202,9067.9,13205668.17
2020-06-29,9119.1,9191.1,9234.9,9027.4,18164728.28
2020-06-28,9012.8,9119.1,9189.4,8933.2,16167462.11
2020-06-27,9164.3,9012.7,9194,8836.3,22098336.75
2020-06-26,9247.1,9164.4,9295.5,9045.4,23256074.7
2020-06-25,9296.7,9247,9337.5,9010.4,27277671.17
2020-06-24,9623.6,9296.7,9668.4,9207,26407474.63
2020-06-23,9685.9,9623.7,9719.8,9580.1,15509195.48
2020-06-22,9295,9685.8,9774,9278.6,20693090.67
2020-06-21,9357.9,9295,9418.8,9283.2,8723412.376
2020-06-20,9309.9,9358,9394.4,9173.4,12140491.81
2020-06-19,9387.5,9309.9,9436.5,9242,17227522.69
2020-06-18,9464.6,9387.4,9484.6,9278.4,14321567.85
2020-06-17,9524.6,9464.5,9563,9242,19296934.23
2020-06-16,9425.4,9524.6,9587.6,9373.2,21523992.03
2020-06-15,9340.7,9425.3,9494.7,8910.6,37501853.86
2020-06-14,9473,9340.6,9479.4,9250.2,12849286.28
2020-06-13,9466.6,9473.1,9492.6,9343.5,10083934.81
2020-06-12,9280.7,9466.6,9554.7,9238.4,17280083.15
2020-06-11,9881.9,9280.6,9966.2,9011,46587698.24
2020-06-10,9772.4,9881.9,9987.5,9700,22550205.08
2020-06-09,9775.8,9772.4,9870.7,9566.9,27123625.31
2020-06-08,9745.2,9775.8,9796,9640,13035500.49
2020-06-07,9668.7,9745.1,9802.4,9386,27303228.34
2020-06-06,9622.4,9668.6,9733.1,9535.5,13596973.33
2020-06-05,9790.2,9622.4,9850,9588.4,22769910.31
2020-06-04,9667.6,9790.2,9880,9423.9,22429713.75
2020-06-03,9518.4,9667.5,9686.6,9300,17571165.62
2020-06-02,10201.1,9518.3,10220.7,9272.1,45687197.01
2020-06-01,9450.2,10201,10369.7,9422.6,36781394.78
2020-05-31,9696.2,9450,9700,9398.6,23070281.26
2020-05-30,9426.2,9696.1,9736.4,9337.6,25752216.89
2020-05-29,9577.2,9426.1,9603,9331.2,20415841.07
2020-05-28,9202,9577.2,9622.3,9111.7,30533003.16
2020-05-27,8838,9201.9,9224.3,8815.5,21361348.93
2020-05-26,8899.1,8840,9008.6,8701.4,19195097.12
2020-05-25,8716,8899.2,8978.1,8637.6,27301546.8
2020-05-24,9177.4,8716,9295,8700,27066991.11
2020-05-23,9168,9177.3,9307.1,9077.9,15010214.06
2020-05-22,9066.4,9168,9271.5,8935.5,23049114.42
2020-05-21,9512.5,9064.8,9573.2,8815.8,46570300.92
2020-05-20,9777.2,9512.5,9837.7,9321.7,28786425.23
2020-05-19,9731.2,9777.2,9895.1,9476.6,30215416.8
2020-05-18,9679.4,9731.2,9946.3,9486.5,33246175.59
2020-05-17,9381.4,9679.3,9880.7,9325.4,21760221.3
2020-05-16,9316.2,9382.4,9582.8,9223.9,22091623.65
2020-05-15,9791.3,9318.4,9843.4,9121.3,54085114.49
2020-05-14,9307.9,9790.7,9931.8,9257.6,51588162.79
2020-05-13,8810.5,9307.2,9397.3,8790.8,32231739.18
2020-05-12,8561.2,8810.5,8973.2,8529.6,33061071.19
2020-05-11,8724.7,8560.9,9161.1,8198.7,90198703.45
2020-05-10,9537.3,8725.6,9566.4,8000,69392679.98
2020-05-09,9797.8,9538.2,9910.1,9523,30867221.5
2020-05-08,9981.2,9797.8,10031.1,9718,34125127.5
2020-05-07,9146,9983.5,10049.8,9030.9,51022081.06
2020-05-06,9021.2,9145.9,9397.8,8911.6,37722727.89
2020-05-05,8871.5,9021.1,9107.7,8756,23221444.54
2020-05-04,8892.1,8870.5,8948.7,8521,30837060.4
2020-05-03,8971.6,8892.1,9195.1,8718.3,33103252.73
2020-05-02,8826.4,8971.1,9010.1,8755.1,19676652.98
2020-05-01,8623.7,8826.3,9055.6,8617.1,33480421.3
2020-04-30,8777.5,8624.3,9455.9,8388,76967745.02
2020-04-29,7740.4,8777.6,8964,7710.9,52463607.01
2020-04-28,7772.2,7740.3,7776.3,7660.7,10808620.91
2020-04-27,7692.9,7771.8,7793,7624.5,14390225.64
2020-04-26,7543.1,7692.8,7700,7490,12668979.13
2020-04-25,7503.9,7543,7700,7438,14117424.76
2020-04-24,7484.1,7503.9,7610,7396.3,11999199.49
2020-04-23,7125.6,7484,7743.4,7005,22605348.53
2020-04-22,6841.5,7125.5,7152.8,6818.8,9629088.905
2020-04-21,6828.7,6843.1,6940.5,6760,11010857.51
2020-04-20,7120.7,6828.6,7210.9,6751.9,16732007.28
2020-04-19,7248.8,7120.7,7262.9,7055.5,8994522.022
2020-04-18,7027,7248.8,7291,7016.3,9213043.586
2020-04-17,7101.3,7026.3,7144.9,6953.5,10388113.34
2020-04-16,6621.7,7101,7186.5,6475.9,18215756.03
2020-04-15,6868.4,6621.9,6931.3,6607.8,12014013.68
2020-04-14,6838,6869.5,6974.2,6760,10645655.59
2020-04-13,6901.6,6838.1,6901.6,6571,17006426.21
2020-04-12,6878,6901.6,7180.4,6780,13484818.02
2020-04-11,6859,6878.1,6940.1,6762.4,10559929.94
2020-04-10,7283.5,6859,7293.4,6740.1,21393432.02
2020-04-09,7359.7,7284.9,7371.6,6851,15121575.88
2020-04-08,7198,7359.7,7419.9,7127.7,19711882.23
2020-04-07,7329.8,7197.9,7459.9,7076,27716900.34
2020-04-06,6771.8,7329.5,7350,6766.1,19128356.95
2020-04-05,6856.4,6772.2,6892.1,6672.4,10722032.12
2020-04-04,6734,6856.4,7013.3,6650.2,16708372.22
2020-04-03,6794.6,6736.2,7040,6604.5,26022868.82
2020-04-02,6642.7,6794.6,7203,6541,27541639.13
2020-04-01,6410.8,6642.7,6678,6151.9,19440128.32
2020-03-31,6395,6409.7,6520,6288,13159710.94
2020-03-30,5881.3,6394.9,6600,5860,17904828.4
2020-03-29,6239.8,5881.2,6266,5871.5,12049077.53
2020-03-28,6358,6242.4,6358,6027.5,19448682.98
2020-03-27,6733.2,6358,6843.7,6272.1,15953502.97
2020-03-26,6673,6733.2,6776.5,6412.2,14921480.05
2020-03-25,6746.4,6673,6950.3,6429.3,20429947.63
2020-03-24,6467.1,6746.4,6827.2,6361.5,24105486.68
2020-03-23,5815.4,6469,6589.7,5692.8,25242917.54
2020-03-22,6188.3,5815.8,6402,5720,22804757.3
2020-03-21,6205.6,6191.1,6450.9,5864,25145709.57
2020-03-20,6162.2,6204.4,6901.7,5661.9,37752569.82
2020-03-19,5394,6162.2,6397.7,5254.4,26041132.77
2020-03-18,5316.8,5394.8,5434.6,5000,17940239.5
2020-03-17,5028.8,5316.7,5532,4926.1,18269210.08
2020-03-16,5361.1,5027.3,5365.4,4445,26797090.85
2020-03-15,5176.6,5359.7,5915,5102,16138877.74
2020-03-14,5577.6,5175.8,5636,5057.6,20500724.76
2020-03-13,4811.8,5576.3,5950,3800,64233445.37
2020-03-12,7933.2,4802.9,7960.4,4448.6,55248355.79
2020-03-11,7895.4,7933.2,8000,7590,11450174.16
2020-03-10,7931.4,7895.3,8147.1,7736.9,13650591.37
2020-03-09,8035,7931.3,8175.2,7636.3,20704818.48
2020-03-08,8889.9,8036.5,8889.9,8001.1,14397155.01
2020-03-07,9133.9,8889.9,9184.9,8789.8,7525135.261
2020-03-06,9056.2,9134.3,9168.7,8989.1,8833554.543
2020-03-05,8750.8,9056.9,9153.1,8750.7,15218448.72
2020-03-04,8761.2,8750.7,8847.1,8655.7,12219240.24