Favorites,Retweets,Compound,Bitcoin_SVI,Volume,Funding Rate 1600,No. of Unique Addresses,Time,Transactions,Funding Rate 0800,No. of Active Addresses,Funding Rate 0000,Close,Cryptocurrency_SVI
-0.6505219552488497,-0.38473300178172126,0.3824088360255007,-0.4954940236863135,12219240.24,0.01,625096.0,20200304.0,358745.0,0.01,857423.0,0.01,8750.7,4.34
-0.6505219552488497,-0.38473300178172126,0.3824088360255007,-0.4335271144153954,15218448.72,0.02,603996.0,20200305.0,349529.0,0.01,793221.0,0.02,9056.9,3.76
-0.6505219552488497,-0.38473300178172126,0.3824088360255007,-0.4645105690508545,8833554.543,0.02,601698.0,20200306.0,338383.0,0.02,804945.0,0.02,9134.3,3.33
-0.6505219552488497,-0.38473300178172126,0.3824088360255007,-0.649411830585046,7525135.261,0.03,526880.0,20200307.0,313312.0,0.04,682432.0,0.04,8889.9,3.04
-0.6505219552488497,-0.38473300178172126,0.3824088360255007,-0.5574609329572319,14397155.01,0.05,501571.0,20200308.0,302694.0,0.05,654911.0,0.03,8036.5,4.34
-0.6505219552488497,-0.38473300178172126,0.3824088360255007,0.24511048872901584,20704818.48,0.01,606002.0,20200309.0,348211.0,0.01,809850.0,0.04,7931.3,5.16
-0.6505219552488497,-0.38473300178172126,0.3824088360255007,-0.12569150061793052,13650591.37,0.01,601526.0,20200310.0,329698.0,0.01,807778.0,0.01,7895.3,4.44
-0.6505219552488497,-0.38473300178172126,0.3824088360255007,-0.310592762152122,11450174.16,0.01,528053.0,20200311.0,287492.0,0.01,728889.0,0.01,7933.2,4.23
-0.7023837672854308,-0.613009075349938,-0.8748875771900861,0.9227486255948635,55248355.79,0.01,653156.0,20200312.0,349978.0,0.01,909601.0,0.02,4802.9,6.2
-0.6505219552488497,-0.38473300178172126,0.3824088360255007,1.7253200472811114,64233445.37,-0.3,656893.5,20200313.0,276798.0,-0.02,786409.0,-0.02,5576.3,6.71
-0.6505219552488497,-0.38473300178172126,0.3824088360255007,0.6458964664328578,20500724.76,-0.01,517382.0,20200314.0,279828.0,-0.08,772769.0,-0.07,5175.8,5.06
-0.6505219552488497,-0.38473300178172126,0.3824088360255007,-0.42353245162976344,16138877.74,-0.05,413935.0,20200315.0,223230.0,-0.05,629326.0,-0.05,5359.7,3.72
-0.6505219552488497,-0.38473300178172126,0.3824088360255007,-0.13468669712499928,26797090.85,-0.04,532450.0,20200316.0,270399.0,-0.03,725120.0,-0.05,5027.3,3.8
-0.6408640157624456,-0.28288675357436305,0.6835341107435716,-0.3385778179518915,18269210.08,0.0,540902.0,20200317.0,278326.0,-0.02,765477.0,-0.09,5316.7,3.39
-0.6505219552488497,-0.38473300178172126,0.3824088360255007,-0.40654152489418904,17940239.5,-0.04,476482.0,20200318.0,231254.0,-0.01,633373.0,-0.01,5394.8,3.31
-0.6505219552488497,-0.38473300178172126,0.3824088360255007,-0.3385778179518915,26041132.77,-0.02,525607.0,20200319.0,265689.0,-0.02,709786.0,-0.03,6162.2,3.88
-0.6230034427396433,-0.2863986931677202,1.0425422482780269,-0.355568744687466,37752569.82,0.0,564748.0,20200320.0,284594.0,-0.02,734614.0,-0.03,6204.4,3.56
-0.6505219552488497,-0.38473300178172126,0.3824088360255007,-0.4914961585720608,25145709.57,0.0,469859.0,20200321.0,245896.0,0.01,637554.0,0.01,6191.1,3.39
-0.6505219552488497,-0.38473300178172126,0.3824088360255007,-0.6753979538276892,22804757.3,0.01,409829.0,20200322.0,209154.0,0.0,579901.0,-0.01,5815.8,3.72
-0.6505219552488497,-0.38473300178172126,0.3824088360255007,-0.5974395840997597,25242917.54,-0.02,509038.0,20200323.0,259816.0,-0.02,667486.0,0.0,6469.0,3.62
-0.6505219552488497,-0.38473300178172126,0.3824088360255007,-0.5974395840997597,24105486.68,0.01,528586.0,20200324.0,278131.0,0.01,736233.0,0.01,6746.4,4.09
-0.6505219552488497,-0.38473300178172126,0.3824088360255007,-0.6913894142847004,20429947.63,0.01,456328.0,20200325.0,218176.0,0.01,587460.0,0.01,6673.0,3.72
-0.6505219552488497,-0.38473300178172126,0.3824088360255007,-0.7373648630986074,14921480.05,0.01,539881.0,20200326.0,292828.0,0.0,889704.0,0.01,6733.2,3.62
-0.6505219552488497,-0.38473300178172126,0.3824088360255007,-0.7683483177340665,15953502.97,0.01,529197.0,20200327.0,276546.0,0.01,807651.0,0.0,6358.0,3.53
-0.6505219552488497,-0.38473300178172126,0.3824088360255007,-0.7533563235556185,19448682.98,-0.04,469113.0,20200328.0,240627.0,-0.01,627230.0,0.0,6242.4,3.9
-0.6505219552488497,-0.38473300178172126,0.3824088360255007,-0.7833403119125145,12049077.53,-0.03,428425.0,20200329.0,232820.0,-0.02,591287.0,-0.02,5881.2,3.72
-0.7037067726945273,-0.6200329545366523,-0.8600088976933374,-0.7673488514555034,17904828.4,-0.03,535787.0,20200330.0,276828.0,-0.06,770915.0,-0.03,6394.9,3.63
-0.5826517777622013,-0.12133753227993274,1.9208642959893276,-0.8143237665479734,13159710.94,-0.02,546702.0,20200331.0,290227.0,-0.01,816889.0,-0.01,6409.7,3.54
-0.5925743183304247,-0.1986002033337907,1.2825209498384913,-0.8303152270049846,19440128.32,-0.05,544088.0,20200401.0,281855.0,-0.01,824108.0,-0.02,6642.7,3.72
-0.4316637854490679,-0.28200876867602376,-0.23162466765726047,-0.7213734026415962,27541639.13,0.0,569905.0,20200402.0,299176.0,-0.02,798186.0,-0.04,6794.6,3.72
-0.4316637854490679,-0.28200876867602376,-0.23162466765726047,-0.7833403119125145,26022868.82,0.0,548300.0,20200403.0,278763.0,0.01,750332.0,0.01,6736.2,3.63
-0.4316637854490679,-0.28200876867602376,-0.23162466765726047,-0.8453072211834328,16708372.22,0.01,479599.0,20200404.0,253274.0,0.01,657862.0,0.01,6856.4,3.9
-0.4316637854490679,-0.28200876867602376,-0.23162466765726047,-0.7473595258842394,10722032.12,0.0,452282.0,20200405.0,240259.0,0.0,596364.0,-0.01,6772.2,4.34
-0.4316637854490679,-0.28200876867602376,-0.23162466765726047,-0.5504646690072894,19128356.95,0.0,557192.0,20200406.0,280470.0,0.0,780832.0,0.0,7329.5,5.1
-0.4316637854490679,-0.28200876867602376,-0.23162466765726047,-0.5304753434360255,27716900.34,0.0,598670.0,20200407.0,312770.0,-0.01,938358.0,-0.01,7197.9,5.1
-0.4316637854490679,-0.28200876867602376,-0.23162466765726047,-0.629422505013782,19711882.23,0.01,554336.0,20200408.0,286563.0,0.0,760207.0,0.0,7359.7,4.99
-0.4316637854490679,-0.28200876867602376,-0.23162466765726047,-0.6684016898777467,15121575.88,-0.01,544185.0,20200409.0,286706.0,0.01,730620.0,0.01,7284.9,5.1
-0.4316637854490679,-0.28200876867602376,-0.23162466765726047,-0.6094331794425181,21393432.02,0.01,550585.0,20200410.0,288585.0,-0.01,735297.0,-0.01,6859.0,5.1
-0.4316637854490679,-0.28200876867602376,-0.23162466765726047,-0.6484123643064827,10559929.94,0.01,474445.0,20200411.0,247852.0,0.01,634944.0,0.01,6878.1,4.88
-0.4316637854490679,-0.28200876867602376,-0.23162466765726047,-0.7833403119125145,13484818.02,0.01,437242.0,20200412.0,228529.0,0.01,618062.0,0.01,6901.6,3.72
-0.4316637854490679,-0.28200876867602376,-0.23162466765726047,-0.6963867456775162,17006426.21,-0.02,549230.0,20200413.0,288113.0,0.01,764583.0,0.01,6838.1,3.8
-0.4316637854490679,-0.28200876867602376,-0.23162466765726047,-0.7313680654272282,10645655.59,0.01,583665.0,20200414.0,299391.0,0.0,843493.0,0.0,6869.5,3.54
-0.4316637854490679,-0.28200876867602376,-0.23162466765726047,-0.7663493851769402,12014013.68,0.0,612959.0,20200415.0,310253.0,-0.01,926278.0,-0.02,6621.9,3.63
-0.4285216476024638,-0.28991063276107737,-1.2454146923994436,-0.6963867456775162,18215756.03,-0.05,635870.0,20200416.0,322903.0,-0.01,880665.0,0.0,7101.0,3.89
-0.4316637854490679,-0.28200876867602376,-0.23162466765726047,-0.7483589921628025,10388113.34,0.0,579437.0,20200417.0,284222.0,0.01,844316.0,0.01,7026.3,3.72
-0.4316637854490679,-0.28200876867602376,-0.23162466765726047,-0.8003312386480889,9213043.586,-0.02,562996.0,20200418.0,289134.0,0.0,847811.0,-0.01,7248.8,3.72
-0.4316637854490679,-0.28200876867602376,-0.23162466765726047,-0.7833403119125145,8994522.022,-0.01,485888.0,20200419.0,251984.0,-0.02,718815.0,-0.02,7120.7,4.34
-0.4316637854490679,-0.28200876867602376,-0.23162466765726047,-0.7483589921628025,16732007.28,0.0,619559.0,20200420.0,310810.0,0.0,842251.0,0.01,6828.6,3.97
-0.4316637854490679,-0.28200876867602376,-0.23162466765726047,-0.7663493851769402,11010857.51,-0.01,610555.0,20200421.0,310851.0,-0.01,818062.0,-0.01,6843.1,4.06
-0.6574015833761513,-0.5568180418562231,0.2818097643313537,-0.7833403119125145,9629088.905,-0.01,574265.0,20200422.0,278755.0,0.0,762361.0,0.01,7125.5,4.15
-0.4316637854490679,-0.28200876867602376,-0.23162466765726047,-0.6963867456775162,22605348.53,-0.02,666919.0,20200423.0,329045.0,-0.02,935989.0,-0.03,7484.0,4.34
-0.4316637854490679,-0.28200876867602376,-0.23162466765726047,-0.6783963526633787,11999199.49,0.01,641059.0,20200424.0,320055.0,0.01,893187.0,0.01,7503.9,4.34
-0.4316637854490679,-0.28200876867602376,-0.23162466765726047,-0.7313680654272282,14117424.76,0.01,554934.0,20200425.0,280805.0,0.01,813456.0,0.01,7543.0,4.89
-0.4316637854490679,-0.28200876867602376,-0.23162466765726047,-0.639417167799414,12668979.13,0.01,499998.0,20200426.0,252833.0,0.01,724250.0,0.01,7692.8,4.34
-0.4316637854490679,-0.28200876867602376,-0.23162466765726047,-0.5994385166568862,14390225.64,0.01,629817.0,20200427.0,311217.0,0.01,876229.0,0.01,7771.8,4.25
-0.4316637854490679,-0.28200876867602376,-0.23162466765726047,-0.6194278422281501,10808620.91,0.01,644967.0,20200428.0,323475.0,0.01,926669.0,0.01,7740.3,4.25
-0.4316637854490679,-0.28200876867602376,-0.23162466765726047,-0.23963065637413508,52463607.01,0.01,679872.0,20200429.0,331401.0,0.01,911617.0,0.01,8777.6,5.05
-0.0481575924872318,-0.08270619675300377,-1.2454146923994436,-0.0397374006614956,76967745.02,0.1,687395.0,20200430.0,321972.0,0.01,947585.0,0.01,8624.3,5.22
-0.518297014648295,-0.44744620880595665,-1.2338271493812385,-0.3795559353729826,33480421.3,0.02,680654.0,20200501.0,340574.0,0.02,955523.0,0.01,8826.3,4.78
-0.518297014648295,-0.44744620880595665,-1.2338271493812385,-0.4395239120867746,19676652.98,0.01,578296.0,20200502.0,286773.0,0.01,970554.0,0.01,8971.1,4.69
-0.518297014648295,-0.44744620880595665,-1.2338271493812385,-0.5314748097145887,33103252.73,0.02,553075.0,20200503.0,281752.0,0.01,909805.0,0.01,8892.1,4.96
-0.518297014648295,-0.44744620880595665,-1.2338271493812385,-0.5854459887570014,30837060.4,0.01,651350.0,20200504.0,326098.0,0.01,889636.0,0.02,8870.5,4.41
-0.518297014648295,-0.44744620880595665,-1.2338271493812385,-0.5674555957428639,23221444.54,0.01,652289.0,20200505.0,329075.0,0.01,970464.0,0.01,9021.1,4.59
-0.518297014648295,-0.44744620880595665,-1.2338271493812385,-0.477503630672176,37722727.89,0.01,671519.0,20200506.0,333395.0,0.01,972369.0,0.01,9145.9,4.77
-0.518297014648295,-0.44744620880595665,-1.2338271493812385,-0.26161891450252533,51022081.06,0.01,696092.0,20200507.0,341986.0,0.01,1020443.0,0.04,9983.5,5.23
-0.518297014648295,-0.44744620880595665,-1.2338271493812385,-0.15367655641769998,34125127.5,0.03,670883.0,20200508.0,323625.0,0.02,949216.0,0.01,9797.8,5.69
-0.6825386861489839,-0.613009075349938,-1.2454146923994436,-0.29759970053080054,30867221.5,0.08,631542.0,20200509.0,312399.0,0.04,906900.0,0.05,9538.2,5.51
-0.518297014648295,-0.44744620880595665,-1.2338271493812385,-0.42353245162976344,69392679.98,0.01,571802.0,20200510.0,286789.0,0.04,869262.0,0.06,8725.6,4.96
-0.6488020482170243,-0.6094971357565808,-1.2454146923994436,-0.2216402633599974,90198703.45,0.01,645065.0,20200511.0,305839.0,0.01,999192.0,0.01,8560.9,4.04
-0.518297014648295,-0.44744620880595665,-1.2338271493812385,-0.5374716073859678,33061071.19,0.01,686850.0,20200512.0,345215.0,0.01,954129.0,0.01,8810.5,3.97
-0.518297014648295,-0.44744620880595665,-1.2338271493812385,-0.6514107631421724,32231739.18,0.01,619855.0,20200513.0,296796.0,0.01,858458.0,0.01,9307.2,3.75
-0.697091745649045,-0.5708658002296518,-1.2454146923994436,-0.6384177015208509,51588162.79,0.01,593862.0,20200514.0,268750.0,0.01,880861.0,0.01,9790.7,3.75
-0.5866207939894906,-0.2723509347942915,-3.077892057515152,-0.7393637956557337,54085114.49,0.0,644507.0,20200515.0,310642.0,0.01,895670.0,0.01,9318.4,3.61
-0.518297014648295,-0.44744620880595665,-1.2338271493812385,-0.8153232328265368,22091623.65,0.01,589910.0,20200516.0,296555.0,0.01,880534.0,0.01,9382.4,3.82
-0.518297014648295,-0.44744620880595665,-1.2338271493812385,-0.7113787398559642,21760221.3,0.0,495954.0,20200517.0,236808.0,0.01,763444.0,0.01,9679.3,4.34
-0.518297014648295,-0.44744620880595665,-1.2338271493812385,-0.7113787398559642,33246175.59,0.01,602631.0,20200518.0,273723.0,0.01,970423.0,0.0,9731.2,4.1
-0.518297014648295,-0.44744620880595665,-1.2338271493812385,-0.7693477840126297,30215416.8,0.01,581379.0,20200519.0,274897.0,0.01,890493.0,-0.01,9777.2,3.86
-0.7030452699899791,-0.5216986459226512,0.17525922083850737,-0.7693477840126297,28786425.23,0.01,604523.0,20200520.0,280037.0,0.01,865708.0,0.01,9512.5,3.86
-0.688492210489918,-0.6024732565698664,-0.7524984393942491,-0.725371267755849,46570300.92,0.01,624412.0,20200521.0,298483.0,-0.01,928630.0,0.01,9064.8,3.78
-0.518297014648295,-0.44744620880595665,-1.2338271493812385,-0.7833403119125145,23049114.42,0.0,591400.0,20200522.0,278784.0,-0.01,797526.0,0.01,9168.0,3.71
-0.518297014648295,-0.44744620880595665,-1.2338271493812385,-0.8553018839690646,15010214.06,0.0,558174.0,20200523.0,269230.0,0.0,848702.0,0.01,9177.3,3.78
-0.518297014648295,-0.44744620880595665,-1.2338271493812385,-0.7833403119125145,27066991.11,0.01,458476.0,20200524.0,214530.0,0.01,807939.0,0.01,8716.0,4.34
-0.518297014648295,-0.44744620880595665,-1.2338271493812385,-0.7033830096274587,27301546.8,0.0,551378.0,20200525.0,265875.0,0.01,828919.0,0.01,8899.2,4.34
-0.518297014648295,-0.44744620880595665,-1.2338271493812385,-0.7513573909984921,19195097.12,0.01,605213.0,20200526.0,295782.0,0.0,852839.0,0.0,8840.0,4.17
0.37851165194637626,0.057771386981283444,-1.2454146923994436,-0.7673488514555034,21361348.93,0.01,603823.0,20200527.0,292927.0,0.0,913075.0,0.0,9201.9,4.0
-0.518297014648295,-0.44744620880595665,-1.2338271493812385,-0.7833403119125145,30533003.16,-0.01,617362.0,20200528.0,299910.0,-0.01,866559.0,-0.01,9577.2,4.08
-0.518297014648295,-0.44744620880595665,-1.2338271493812385,-0.7993317723695257,20415841.07,0.0,591013.0,20200529.0,280960.0,0.0,852420.0,0.0,9426.1,3.91
-0.518297014648295,-0.44744620880595665,-1.2338271493812385,-0.8632976141975703,25752216.89,0.01,556912.0,20200530.0,286046.0,0.01,902498.0,0.0,9696.1,4.25
-0.518297014648295,-0.44744620880595665,-1.2338271493812385,-0.7833403119125145,23070281.26,0.01,495162.0,20200531.0,258427.0,0.01,801889.0,0.01,9450.0,4.34
-0.5522226533529827,-0.0756823175662894,0.6835341107435716,-0.7653499188983769,36781394.78,0.0,623944.0,20200601.0,308312.0,0.01,870833.0,0.01,10201.0,4.16
-0.5522226533529827,-0.0756823175662894,0.6835341107435716,-0.4954940236863135,45687197.01,0.08,638403.0,20200602.0,304114.0,0.03,899961.0,0.0,9518.3,4.61
-0.5522226533529827,-0.0756823175662894,0.6835341107435716,-0.6753979538276892,17571165.62,0.01,646746.0,20200603.0,314000.0,0.01,950153.0,0.01,9667.5,4.07
-0.5522226533529827,-0.0756823175662894,0.6835341107435716,-0.7293691328701019,22429713.75,0.01,628388.0,20200604.0,318285.0,0.01,884109.0,0.01,9790.2,4.43
-0.5522226533529827,-0.0756823175662894,0.6835341107435716,-0.7473595258842394,22769910.31,0.01,643217.0,20200605.0,327082.0,0.01,918647.0,0.01,9622.4,3.98
-0.5522226533529827,-0.0756823175662894,0.6835341107435716,-0.8553018839690646,13596973.33,0.01,548424.0,20200606.0,284873.0,0.01,771819.0,0.01,9668.6,4.07
-0.5522226533529827,-0.0756823175662894,0.6835341107435716,-0.8193210979407896,27303228.34,0.01,487527.0,20200607.0,252368.0,0.01,690992.0,0.01,9745.1,4.34
-0.5522226533529827,-0.0756823175662894,0.6835341107435716,-0.7653499188983769,13035500.49,0.01,625333.0,20200608.0,317275.0,0.01,986341.0,0.01,9775.8,4.25
-0.5522226533529827,-0.0756823175662894,0.6835341107435716,-0.7653499188983769,27123625.31,0.01,644690.0,20200609.0,327074.0,0.01,910121.0,0.01,9772.4,4.43
-0.5522226533529827,-0.0756823175662894,0.6835341107435716,-0.7653499188983769,22550205.08,0.01,645485.0,20200610.0,325163.0,0.01,909669.0,0.01,9881.9,4.34
-0.5522226533529827,-0.0756823175662894,0.6835341107435716,-0.7113787398559642,46587698.24,0.01,673800.0,20200611.0,332490.0,0.01,1048342.0,0.01,9280.6,4.07
-0.5522226533529827,-0.0756823175662894,0.6835341107435716,-0.7653499188983769,17280083.15,0.0,635165.0,20200612.0,318274.0,0.01,909615.0,0.01,9466.6,4.07
-0.5522226533529827,-0.0756823175662894,0.6835341107435716,-0.9092730630114774,10083934.81,0.01,541115.0,20200613.0,280181.0,0.0,800767.0,0.01,9473.1,3.89
-0.5522226533529827,-0.0756823175662894,0.6835341107435716,-0.8912826699973398,12849286.28,0.01,502951.0,20200614.0,275723.0,0.01,698545.0,0.01,9340.6,3.72
-0.5522226533529827,-0.0756823175662894,0.6835341107435716,-0.7413627282128602,37501853.86,0.0,606713.0,20200615.0,294468.0,0.01,867844.0,0.01,9425.3,3.63
-0.5522226533529827,-0.0756823175662894,0.6835341107435716,-0.7603525875055609,21523992.03,0.01,683561.0,20200616.0,340517.0,-0.02,986219.0,-0.02,9524.6,3.63
-0.5522226533529827,-0.0756823175662894,0.6835341107435716,-0.7973328398123992,19296934.23,-0.01,669086.0,20200617.0,333547.0,0.01,918592.0,0.01,9464.5,3.8
-0.5522226533529827,-0.0756823175662894,0.6835341107435716,-0.8353125583978007,14321567.85,-0.01,582343.0,20200618.0,283897.0,-0.01,854866.0,0.01,9387.4,3.72
-0.5522226533529827,-0.0756823175662894,0.6835341107435716,-0.8543024176905016,17227522.69,0.0,674050.0,20200619.0,344142.0,0.0,947402.0,0.01,9309.9,3.63
-0.5522226533529827,-0.0756823175662894,0.6835341107435716,-0.9102725292900405,12140491.81,0.0,553650.0,20200620.0,284123.0,0.01,760742.0,0.01,9358.0,3.47
-0.5522226533529827,-0.0756823175662894,0.6835341107435716,-0.8912826699973398,8723412.376,0.0,475037.0,20200621.0,259440.0,0.0,710176.0,0.01,9295.0,4.34
-0.5522226533529827,-0.0756823175662894,0.6835341107435716,-0.7423621944914234,20693090.67,0.01,603576.0,20200622.0,301396.0,0.01,850006.0,0.01,9685.8,4.74
-0.5522226533529827,-0.0756823175662894,0.6835341107435716,-0.7213734026415962,15509195.48,0.01,704215.0,20200623.0,355256.0,0.01,1034537.0,0.01,9623.7,4.74
-0.5522226533529827,-0.0756823175662894,0.6835341107435716,-0.7633509863412505,26407474.63,0.01,625283.0,20200624.0,312321.0,0.01,917620.0,0.01,9296.7,4.74
-0.5522226533529827,-0.0756823175662894,0.6835341107435716,-0.7853392444696409,27277671.17,0.01,631260.0,20200625.0,312183.0,0.01,901033.0,0.01,9247.0,4.34
-0.5522226533529827,-0.0756823175662894,0.6835341107435716,-0.7853392444696409,23256074.7,0.01,646111.0,20200626.0,330381.0,0.01,929963.0,0.01,9164.4,5.45
-0.5522226533529827,-0.0756823175662894,0.6835341107435716,-0.8273168281692951,22098336.75,0.01,546558.0,20200627.0,275489.0,0.01,761896.0,0.01,9012.7,4.64
-0.5522226533529827,-0.0756823175662894,0.6835341107435716,-0.8912826699973398,16167462.11,0.01,500152.0,20200628.0,264909.0,0.01,686270.0,0.01,9119.1,3.72
-0.5522226533529827,-0.0756823175662894,0.6835341107435716,-0.8912826699973398,18164728.28,0.01,625207.0,20200629.0,315424.0,0.01,962232.0,0.0,9191.1,3.47
-0.5522226533529827,-0.0756823175662894,0.6835341107435716,-0.8912826699973398,13205668.17,0.01,621031.0,20200630.0,299733.0,0.01,926238.0,0.01,9136.6,3.47
-0.5047598343016473,-0.3425897266614351,-0.1537515790008896,-0.9262639897470517,19313717.22,0.01,758469.0,20200701.0,382570.0,0.01,1078007.0,0.01,9231.4,3.47
-0.5047598343016473,-0.3425897266614351,-0.1537515790008896,-0.9082735967329142,22009723.03,0.01,674745.0,20200702.0,339469.0,0.01,951042.0,0.01,9086.1,3.64
-0.5047598343016473,-0.3425897266614351,-0.1537515790008896,-0.9602458432182004,12000862.6,0.01,661454.0,20200703.0,331009.0,0.01,944676.0,0.01,9058.8,3.47
-0.5047598343016473,-0.3425897266614351,-0.1537515790008896,-0.9782362362323379,11365928.56,0.01,561108.0,20200704.0,288647.0,0.01,799989.0,0.01,9135.9,3.64
-0.5047598343016473,-0.3425897266614351,-0.1537515790008896,-0.9272634560256149,22045158.2,0.01,509206.0,20200705.0,274104.0,0.01,771473.0,0.01,9072.4,4.34
-0.5047598343016473,-0.3425897266614351,-0.1537515790008896,-0.8712933444260758,34101061.35,0.01,678157.0,20200706.0,338767.0,0.01,989688.0,0.01,9342.9,4.64
-0.5047598343016473,-0.3425897266614351,-0.1537515790008896,-0.8892837374402133,30098389.26,0.01,706177.0,20200707.0,345975.0,0.01,969354.0,0.01,9254.9,5.14
-0.5047598343016473,-0.3425897266614351,-0.1537515790008896,-0.8333136258406744,24888589.34,0.01,702636.0,20200708.0,347455.0,0.01,1024085.0,0.01,9435.3,6.35
-0.5047598343016473,-0.3425897266614351,-0.1537515790008896,-0.8712933444260758,24762314.24,0.01,708162.0,20200709.0,362718.0,0.01,1033334.0,0.01,9235.1,5.75
-0.7023837672854308,-0.5919374377897949,0.9379115343976644,-0.9082735967329142,18498117.24,0.01,681724.0,20200710.0,345996.0,0.01,976205.0,0.01,9286.9,4.94
-0.5047598343016473,-0.3425897266614351,-0.1537515790008896,-0.9272634560256149,12748633.72,0.01,601249.0,20200711.0,306771.0,0.01,885970.0,0.01,9232.5,5.04
-0.5047598343016473,-0.3425897266614351,-0.1537515790008896,-1.0461999431746354,13174635.28,0.01,525851.0,20200712.0,282364.0,0.01,745665.0,0.01,9298.6,4.96
-0.5047598343016473,-0.3425897266614351,-0.1537515790008896,-1.0182148873748658,19481242.85,0.01,638906.0,20200713.0,310227.0,0.01,909653.0,0.01,9242.6,5.36
-0.5047598343016473,-0.3425897266614351,-0.1537515790008896,-0.9912292978536595,15757909.8,0.01,734433.0,20200714.0,359847.0,0.01,993499.0,0.01,9253.3,5.56
-0.7023837672854308,-0.6165210149432951,0.9379115343976644,-0.9092730630114774,14428470.61,0.01,671171.0,20200715.0,316064.0,0.01,971186.0,0.01,9198.9,5.56
-0.5047598343016473,-0.3425897266614351,-0.1537515790008896,-0.801330704926652,16957225.84,0.01,709099.0,20200716.0,345849.0,0.01,966383.0,0.01,9133.4,5.56
-0.5047598343016473,-0.3425897266614351,-0.1537515790008896,-0.9782362362323379,11101702.45,0.01,629600.0,20200717.0,293907.0,0.01,847984.0,0.01,9154.1,5.16
-0.5047598343016473,-0.3425897266614351,-0.1537515790008896,-0.801330704926652,12435784.2,0.01,632584.0,20200718.0,311022.0,0.01,892684.0,0.01,9168.9,9.51
-0.23668586328347724,0.17717733315542755,-1.2454146923994436,-0.8912826699973398,13991238.88,0.01,550119.0,20200719.0,277093.0,0.01,872974.0,0.01,9206.6,4.96
-0.5047598343016473,-0.3425897266614351,-0.1537515790008896,-0.9302618548613044,16242272.54,0.01,644972.0,20200720.0,309747.0,0.01,940265.0,0.01,9159.9,4.96
-0.5047598343016473,-0.3425897266614351,-0.1537515790008896,-0.8523034851333751,27440003.94,0.01,660884.0,20200721.0,312871.0,0.01,927506.0,0.01,9385.4,5.26
-0.5047598343016473,-0.3425897266614351,-0.1537515790008896,-0.8712933444260758,25105729.03,0.01,748958.0,20200722.0,364792.0,0.01,1017627.0,0.01,9516.1,5.46
-0.5047598343016473,-0.3425897266614351,-0.1537515790008896,-0.7743451154054457,29514427.94,0.01,696765.0,20200723.0,336245.0,0.01,977856.0,0.01,9603.0,5.66
-0.5047598343016473,-0.3425897266614351,-0.1537515790008896,-0.8133243002694105,21509887.29,0.01,740460.0,20200724.0,369432.0,0.01,1083981.0,0.01,9540.2,5.26
-0.37758593935225016,-0.3390777870680779,-1.2454146923994436,-0.8133243002694105,24221598.07,0.01,619497.0,20200725.0,293883.0,0.01,972156.0,0.01,9699.6,5.46
-0.5047598343016473,-0.3425897266614351,-0.1537515790008896,-0.6034363817711389,42443947.98,0.01,608050.0,20200726.0,298580.0,0.01,999311.0,0.01,9931.0,5.58
-0.5047598343016473,-0.3425897266614351,-0.1537515790008896,-0.18366054477459598,122171905.2,0.09,690892.0,20200727.0,326769.0,0.05,1022491.0,0.07,11026.5,6.03
-0.5047598343016473,-0.3425897266614351,-0.1537515790008896,-0.09970537737528741,94002261.64,0.12,745966.0,20200728.0,354742.0,0.14,1059084.0,0.05,10909.8,6.12
-0.5047598343016473,-0.3425897266614351,-0.1537515790008896,-0.37255967142304036,60682503.56,0.07,717842.0,20200729.0,346521.0,0.08,1039672.0,0.1,11101.0,5.76
-0.5047598343016473,-0.3425897266614351,-0.1537515790008896,-0.477503630672176,49449031.08,0.07,689993.0,20200730.0,327789.0,0.06,968423.0,0.06,11100.3,5.22
-0.5047598343016473,-0.3425897266614351,-0.1537515790008896,-0.45651483882234895,50063703.11,0.04,733209.0,20200731.0,356906.0,0.08,1062923.0,0.07,11336.4,5.49
0.02455870481273666,0.2289459241982483,0.5755792474415935,-0.24662692032407732,68483640.24,0.03,644333.0,20200801.0,296705.0,0.03,954055.0,0.04,11799.4,7.02
-0.5793442642394602,-0.4339001560887218,1.2825209498384913,-0.6753979538276892,89202389.65,0.04,616214.0,20200802.0,287869.0,0.1,950873.0,0.05,11070.6,6.2
0.02455870481273666,0.2289459241982483,0.5755792474415935,-0.79133604214102,50278564.07,0.05,708227.0,20200803.0,333753.0,0.03,1080975.0,0.02,11220.6,5.56
-0.3145226815186522,-0.3859036483128403,-0.736339873489178,-0.8433082886263062,42836893.49,0.03,708169.0,20200804.0,329032.0,0.03,1003351.0,0.04,11188.7,5.16
0.02455870481273666,0.2289459241982483,0.5755792474415935,-0.8173221653836632,52656162.22,0.02,655315.0,20200805.0,291814.0,0.01,957619.0,0.04,11741.2,5.16
-0.6071273778304858,-0.4339001560887218,0.7708863581115808,-0.7653499188983769,43614008.51,0.04,762479.0,20200806.0,356612.0,0.04,1120216.0,0.02,11764.2,5.24
1.9270894832937817,2.9129782763806706,0.7776057617552738,-0.8303152270049846,60108914.23,0.02,707225.0,20200807.0,326499.0,0.03,1049182.0,0.04,11592.3,4.92
0.02455870481273666,0.2289459241982483,0.5755792474415935,-0.907274130454351,43387835.85,0.01,625679.0,20200808.0,283631.0,0.01,951540.0,0.02,11765.7,4.92
0.17212280812732866,-0.19508826374043353,2.2827521779425086,-0.7473595258842394,36842382.49,0.02,564507.0,20200809.0,268402.0,0.01,911571.0,0.01,11682.2,6.2
0.02455870481273666,0.2289459241982483,0.5755792474415935,-0.5854459887570014,63427375.94,0.13,683507.0,20200810.0,308367.0,0.01,967780.0,0.01,11890.1,6.39
-0.5892668048076836,-0.5603299814495802,1.1250949216148267,-0.6034363817711389,73435511.92,0.02,744212.0,20200811.0,349952.0,0.01,1086328.0,0.03,11392.1,6.58
0.02455870481273666,0.2289459241982483,0.5755792474415935,-0.6574075608135516,41577942.73,0.01,733894.0,20200812.0,346405.0,0.01,1049344.0,0.06,11564.7,6.39
-0.5436231181938558,-0.4303882164953646,0.23957351285671202,-0.6933883468418267,48028002.87,0.01,690043.0,20200813.0,325346.0,0.01,952528.0,0.01,11775.6,7.15
0.02455870481273666,0.2289459241982483,0.5755792474415935,-0.6933883468418267,34125775.08,0.04,755913.0,20200814.0,365679.0,0.02,1086754.0,0.01,11759.7,7.05
0.02455870481273666,0.2289459241982483,0.5755792474415935,-0.7293691328701019,48282087.27,0.04,664922.0,20200815.0,313760.0,0.01,973628.0,0.03,11854.4,6.77
0.02455870481273666,0.2289459241982483,0.5755792474415935,-0.7473595258842394,44109139.1,0.05,571198.0,20200816.0,285069.0,0.02,892624.0,0.02,11910.1,6.82
0.02455870481273666,0.2289459241982483,0.5755792474415935,-0.5494652027287262,65821861.61,0.04,652100.0,20200817.0,292944.0,0.03,878796.0,0.03,12280.8,6.55
0.02455870481273666,0.2289459241982483,0.5755792474415935,-0.5854459887570014,62737295.58,0.08,739835.0,20200818.0,346036.0,0.12,1008612.0,0.09,11945.4,6.12
0.02455870481273666,0.2289459241982483,0.5755792474415935,-0.6574075608135516,67083607.1,0.05,710405.0,20200819.0,333879.0,0.08,988648.0,0.1,11753.3,6.2
0.02455870481273666,0.2289459241982483,0.5755792474415935,-0.7113787398559642,35922896.97,0.01,705709.0,20200820.0,333683.0,0.02,994559.0,0.02,11858.0,6.03
0.02455870481273666,0.2289459241982483,0.5755792474415935,-0.7833403119125145,48133950.69,0.01,675988.0,20200821.0,314297.0,0.01,1095556.0,0.02,11529.4,6.12
0.02455870481273666,0.2289459241982483,0.5755792474415935,-0.8193210979407896,31954463.63,0.01,649053.0,20200822.0,311699.0,0.01,950674.0,0.01,11665.3,6.03
1.0023087023353567,1.7645740293528729,-1.2454146923994436,-0.8193210979407896,25727159.41,0.01,569381.0,20200823.0,288728.0,0.01,906460.0,0.01,11647.4,5.58
0.02455870481273666,0.2289459241982483,0.5755792474415935,-0.7033830096274587,26403569.7,0.01,674821.0,20200824.0,329133.0,0.01,944242.0,0.01,11751.4,5.49
0.02455870481273666,0.2289459241982483,0.5755792474415935,-0.6843931503347579,50297421.23,0.01,678008.0,20200825.0,304409.0,0.01,951716.0,0.01,11320.7,5.76
0.02455870481273666,0.2289459241982483,0.5755792474415935,-0.7613520537841241,42797831.36,0.01,696908.0,20200826.0,324184.0,0.02,1030264.0,0.04,11460.7,5.67
-0.24660840385170069,-0.17752856577364762,0.6835341107435716,-0.7803419130768249,54132236.31,0.01,702891.0,20200827.0,328157.0,0.01,947577.0,0.01,11327.9,5.4
0.02455870481273666,0.2289459241982483,0.5755792474415935,-0.8003312386480889,32362796.51,0.01,720277.0,20200828.0,352722.0,0.01,1080096.0,0.01,11527.4,5.22
0.02455870481273666,0.2289459241982483,0.5755792474415935,-0.8962800013901557,25519800.91,0.01,617518.0,20200829.0,292783.0,0.01,972062.0,0.01,11467.4,5.49
0.02455870481273666,0.2289459241982483,0.5755792474415935,-0.8193210979407896,32896421.41,0.01,555079.0,20200830.0,269114.0,0.01,821271.0,0.01,11711.0,6.2
0.02455870481273666,0.2289459241982483,0.5755792474415935,-0.7773435142411352,33293706.41,0.01,662241.0,20200831.0,302920.0,0.01,935410.0,0.01,11651.6,5.83
-0.6636858590693594,-0.5603299814495802,-0.664106284319478,-0.674398487549126,52596404.71,0.02,795329.0,20200901.0,376508.0,0.01,1074307.0,0.02,11922.4,6.2
-0.6636858590693594,-0.5603299814495802,-0.664106284319478,-0.6534096956992989,61354174.4,0.04,714425.0,20200902.0,317449.0,0.03,1029017.0,0.05,11387.6,6.47
-0.6636858590693594,-0.5603299814495802,-0.664106284319478,-0.5704539945785534,94769303.96,0.02,691592.0,20200903.0,310922.0,0.02,983249.0,0.05,10136.2,6.38
-0.6636858590693594,-0.5603299814495802,-0.664106284319478,-0.507487619029072,106170415.5,0.01,680093.0,20200904.0,298286.0,0.01,1004854.0,0.02,10447.2,6.1
-0.6636858590693594,-0.5603299814495802,-0.664106284319478,-0.6324209038494717,133940966.2,0.01,685736.0,20200905.0,325523.0,0.01,984198.0,0.01,10166.4,6.01
-0.6636858590693594,-0.5603299814495802,-0.664106284319478,-0.8553018839690646,64904632.11,0.01,557370.0,20200906.0,262820.0,0.01,988383.0,0.01,10254.3,5.58
-0.6636858590693594,-0.5603299814495802,-0.664106284319478,-0.8553018839690646,51650116.33,0.01,672721.0,20200907.0,327662.0,0.01,1086059.0,0.01,10372.1,5.2
-0.6636858590693594,-0.5603299814495802,-0.664106284319478,-0.8553018839690646,60912156.03,0.01,693543.0,20200908.0,332668.0,0.01,974053.0,0.01,10127.1,4.93
-0.6636858590693594,-0.5603299814495802,-0.664106284319478,-0.8862853386045237,30600579.13,0.01,681429.0,20200909.0,314864.0,0.01,968245.0,0.01,10219.7,7.43
-0.6931227294217557,-0.6059851961632235,-1.2454146923994436,-0.9342597199755572,39177534.49,0.01,745318.0,20200910.0,345981.0,0.01,1103924.0,0.01,10338.0,5.02
-0.6636858590693594,-0.5603299814495802,-0.664106284319478,-0.9652431746110165,24470994.07,0.01,677215.0,20200911.0,308323.0,0.01,951505.0,0.01,10386.9,4.83
-0.6636858590693594,-0.5603299814495802,-0.664106284319478,-0.9972260955250388,17296369.99,0.01,604531.0,20200912.0,300152.0,0.01,890683.0,0.01,10440.2,4.83
-0.6636858590693594,-0.5603299814495802,-0.664106284319478,-0.8912826699973398,28938920.31,0.01,540351.0,20200913.0,255110.0,0.01,803998.0,0.01,10329.6,4.96
-0.6636858590693594,-0.5603299814495802,-0.664106284319478,-0.8323141595621112,39353163.8,0.01,726085.0,20200914.0,354020.0,0.01,1016193.0,0.01,10672.9,4.39
-0.6636858590693594,-0.5603299814495802,-0.664106284319478,-0.8323141595621112,47177935.05,0.0,718787.0,20200915.0,332957.0,-0.02,976024.0,0.0,10785.0,4.55
-0.6636858590693594,-0.5603299814495802,-0.664106284319478,-0.8133243002694105,46111235.93,0.0,747111.0,20200916.0,342609.0,-0.01,1064243.0,-0.01,10954.7,4.23
-0.6011738534895518,-0.5252105855160084,-1.2454146923994436,-0.8523034851333751,33985407.1,0.0,740029.0,20200917.0,348581.0,0.0,1101957.0,0.0,10938.7,4.31
-0.6636858590693594,-0.5603299814495802,-0.664106284319478,-0.8912826699973398,22964818.35,0.01,687638.0,20200918.0,325157.0,0.01,974291.0,0.0,10932.3,4.39
-0.6636858590693594,-0.5603299814495802,-0.664106284319478,-0.9302618548613044,20826842.08,-0.01,624125.0,20200919.0,296357.0,-0.01,892685.0,0.0,11081.6,4.06
-0.6636858590693594,-0.5603299814495802,-0.664106284319478,-0.9272634560256149,24039099.07,-0.01,535691.0,20200920.0,259095.0,-0.01,820833.0,-0.01,10919.5,4.96
-0.6636858590693594,-0.5603299814495802,-0.664106284319478,-0.8293157607264217,51304371.61,-0.01,644695.0,20200921.0,297605.0,-0.01,946997.0,-0.01,10417.1,5.14
-0.6636858590693594,-0.5603299814495802,-0.664106284319478,-0.8682949455903862,26103733.99,0.01,678668.0,20200922.0,312989.0,0.01,968239.0,0.01,10528.8,5.05
-0.6636858590693594,-0.5603299814495802,-0.664106284319478,-0.8882842711616503,31686806.7,0.0,733591.0,20200923.0,349938.0,0.0,1013565.0,0.01,10241.7,4.78
-0.6636858590693594,-0.5603299814495802,-0.664106284319478,-0.9272634560256149,29881440.28,0.01,684217.0,20200924.0,316552.0,0.0,943668.0,-0.01,10736.3,4.33
-0.6636858590693594,-0.5603299814495802,-0.664106284319478,-0.907274130454351,22619114.45,0.0,741029.0,20200925.0,353070.0,-0.02,1140261.0,0.0,10688.2,4.33
-0.6636858590693594,-0.5603299814495802,-0.664106284319478,-0.9472527815968789,14666559.62,0.01,591249.0,20200926.0,276162.0,0.01,952990.0,0.01,10729.0,4.15
-0.6636858590693594,-0.5603299814495802,-0.664106284319478,-0.9632442420538901,12675761.19,0.01,538619.0,20200927.0,259382.0,0.01,784428.0,0.01,10772.4,4.34
-0.6636858590693594,-0.5603299814495802,-0.664106284319478,-0.923265590911362,18483736.16,0.01,629197.0,20200928.0,295476.0,0.01,884124.0,0.01,10693.2,4.72
-0.6967609942967709,-0.5497941626695088,0.49851053184045346,-0.923265590911362,12002442.83,0.01,735651.0,20200929.0,347696.0,0.01,998051.0,0.01,10840.2,4.82
-0.6636858590693594,-0.5603299814495802,-0.664106284319478,-0.943254916482626,10047258.7,0.01,748143.0,20200930.0,351417.0,0.01,1118241.0,0.01,10777.2,5.2
-0.5072404694437032,-0.4444359748687933,0.6996926766486432,-0.943254916482626,24280779.68,0.01,679937.0,20201001.0,304757.0,0.01,922880.0,0.01,10620.1,4.82
-0.5072404694437032,-0.4444359748687933,0.6996926766486432,-0.923265590911362,21111241.49,0.0,689077.0,20201002.0,315443.0,0.0,996361.0,0.01,10566.5,4.43
-0.5072404694437032,-0.4444359748687933,0.6996926766486432,-0.9632442420538901,6507069.821,0.01,642826.0,20201003.0,310855.0,0.01,1002444.0,0.01,10539.0,4.53
-0.5072404694437032,-0.4444359748687933,0.6996926766486432,-0.9632442420538901,6253865.131,0.01,562147.0,20201004.0,268019.0,0.0,923546.0,0.01,10664.1,4.34
-0.5072404694437032,-0.4444359748687933,0.6996926766486432,-0.923265590911362,10142571.75,-0.01,635097.0,20201005.0,294986.0,0.0,946902.0,0.0,10792.4,4.82
-0.6964302429444968,-0.5954493773831521,0.3778012449555397,-0.943254916482626,19270328.88,-0.01,692891.0,20201006.0,317922.0,0.0,978521.0,-0.01,10570.3,4.82
-0.5072404694437032,-0.4444359748687933,0.6996926766486432,-0.9632442420538901,15043704.95,0.0,762636.0,20201007.0,370554.0,0.0,1063425.0,0.01,10667.1,4.14
-0.5072404694437032,-0.4444359748687933,0.6996926766486432,-0.923265590911362,20788596.2,0.0,698982.0,20201008.0,330227.0,0.0,1033122.0,0.0,10923.6,4.34
-0.5072404694437032,-0.4444359748687933,0.6996926766486432,-0.923265590911362,12413609.64,0.01,714645.0,20201009.0,339343.0,0.01,1006667.0,0.01,11052.9,4.14
-0.5072404694437032,-0.4444359748687933,0.6996926766486432,-0.8842864060473974,17182282.65,0.01,631182.0,20201010.0,298486.0,0.01,917402.0,0.01,11294.4,4.34
-0.5806672696485566,-0.613009075349938,2.9666914773898334,-0.9272634560256149,10789988.67,0.01,541483.0,20201011.0,256096.0,0.01,791020.0,0.01,11371.0,3.72
-0.5072404694437032,-0.4444359748687933,0.6996926766486432,-0.9082735967329142,21720351.07,0.01,658073.0,20201012.0,314174.0,0.01,945894.0,0.01,11530.7,3.55
-0.5072404694437032,-0.4444359748687933,0.6996926766486432,-0.9082735967329142,15972907.69,0.01,732250.0,20201013.0,333215.0,0.01,1049377.0,0.01,11419.4,3.72
-0.5072404694437032,-0.4444359748687933,0.6996926766486432,-0.9082735967329142,15230957.3,0.01,680468.0,20201014.0,314541.0,0.01,952949.0,0.01,11416.4,3.47
-0.5072404694437032,-0.4444359748687933,0.6996926766486432,-0.9082735967329142,21213508.96,0.01,743078.0,20201015.0,340993.0,0.01,1035214.0,0.01,11503.9,3.63
-0.5072404694437032,-0.4444359748687933,0.6996926766486432,-0.9272634560256149,17615980.29,0.01,712317.0,20201016.0,324647.0,0.01,973228.0,0.01,11317.9,3.55
-0.5072404694437032,-0.4444359748687933,0.6996926766486432,-0.9652431746110165,7530971.688,0.01,586741.0,20201017.0,275069.0,0.01,851147.0,0.01,11361.3,3.55
-0.5072404694437032,-0.4444359748687933,0.6996926766486432,-0.7833403119125145,7700676.269,0.01,512486.0,20201018.0,231557.0,0.01,744786.0,0.01,11502.3,4.34
-0.5072404694437032,-0.4444359748687933,0.6996926766486432,-0.7013840770703322,14625643.32,0.01,679146.0,20201019.0,303929.0,0.01,930306.0,0.01,11750.0,4.54
-0.5072404694437032,-0.4444359748687933,0.6996926766486432,-0.5094865515861984,28649157.2,0.01,713764.0,20201020.0,330563.0,0.01,1011847.0,0.01,11909.6,4.75
-0.5072404694437032,-0.4444359748687933,0.6996926766486432,0.01123537954522763,65214802.65,0.01,687152.0,20201021.0,311292.0,0.0,1013298.0,0.0,12785.1,6.09
-0.5072404694437032,-0.4444359748687933,0.6996926766486432,0.06620602486620339,48976702.72,0.01,753892.0,20201022.0,339087.0,0.01,1048775.0,0.01,12967.7,6.4
-0.5072404694437032,-0.4444359748687933,0.6996926766486432,-0.20764773546011275,26277001.12,0.01,712518.0,20201023.0,323869.0,0.01,977710.0,0.01,12924.6,5.06
-0.5072404694437032,-0.4444359748687933,0.6996926766486432,-0.42653085046545297,17613345.27,0.01,657714.0,20201024.0,306774.0,0.01,1098917.0,0.01,13110.6,4.96
-0.5072404694437032,-0.4444359748687933,0.6996926766486432,-0.7113787398559642,17483435.33,0.01,547380.0,20201025.0,242273.0,0.01,851199.0,0.01,13031.3,4.34
-0.5072404694437032,-0.4444359748687933,0.6996926766486432,-0.6354193026851612,24137486.7,0.01,579939.0,20201026.0,252494.0,0.01,825846.0,0.01,13055.3,4.43
-0.5072404694437032,-0.4444359748687933,0.6996926766486432,-0.5204806806503934,34302557.94,0.01,600338.0,20201027.0,251938.0,0.01,827512.0,0.01,13636.9,4.98
-0.24462389573805599,-0.12484947187328992,-1.2454146923994436,-0.4635111027722912,52496498.43,0.01,615001.0,20201028.0,261340.0,0.0,817505.0,0.01,13270.8,4.71
-0.5072404694437032,-0.4444359748687933,0.6996926766486432,-0.6164294433924605,32168710.26,-0.01,652778.0,20201029.0,276070.0,-0.03,887772.0,0.01,13455.0,4.61
-0.5072404694437032,-0.4444359748687933,0.6996926766486432,-0.6354193026851612,35442816.89,0.0,635998.0,20201030.0,268364.0,-0.02,901403.0,0.0,13556.7,4.15
-0.5072404694437032,-0.4444359748687933,0.6996926766486432,-0.6164294433924605,35200579.64,-0.02,613906.0,20201031.0,275796.0,-0.02,875335.0,-0.01,13792.1,4.43
-0.5945588264440694,-0.5427702834827943,1.3573943047253567,-0.6753979538276892,17194847.05,0.0,592197.0,20201101.0,276280.0,-0.01,897445.0,0.01,13758.7,4.34
-0.5372285920498896,-0.48716457325463897,-0.6808647969784503,-0.6374182352422877,29176290.99,0.0,543348.0,20201102.0,224609.0,0.01,777173.0,-0.01,13550.9,4.34
-0.5372285920498896,-0.48716457325463897,-0.6808647969784503,-0.6943878131203899,35861491.18,0.0,727413.0,20201103.0,331673.0,-0.02,1029970.0,0.01,14019.8,4.24
-0.5372285920498896,-0.48716457325463897,-0.6808647969784503,-1.1881241547306096,43464532.58,0.0,707247.0,20201104.0,320697.0,-0.01,1175181.0,-0.01,14141.3,0.28
-0.29952862021555904,-0.20562408252050507,0.17525922083850737,-1.0931748582671057,71710999.9,0.01,729209.0,20201105.0,318668.0,0.01,1071518.0,-0.02,15589.8,0.37
-0.4371211827615908,-0.42336433730865025,0.8683177109451296,-1.055195139681704,85899207.36,0.02,756129.0,20201106.0,340351.0,0.01,1080743.0,0.01,15578.3,0.37
-0.5372285920498896,-0.48716457325463897,-0.6808647969784503,-1.1311545768525073,65926683.19,0.04,608746.0,20201107.0,270901.0,0.02,1055012.0,0.03,14814.6,0.37
-0.5372285920498896,-0.48716457325463897,-0.6808647969784503,-0.639417167799414,37234143.09,0.01,555482.0,20201108.0,243047.0,0.01,920529.0,0.04,15478.3,4.96
-0.5372285920498896,-0.48716457325463897,-0.6808647969784503,-0.5744518596928062,55734917.67,0.01,713629.0,20201109.0,326383.0,0.01,1188873.0,0.01,15326.8,6.2
-0.5372285920498896,-0.48716457325463897,-0.6808647969784503,-0.7043824759060219,18125019.56,0.01,684892.0,20201110.0,303270.0,0.01,1026623.0,0.01,15299.4,6.2
-0.5372285920498896,-0.48716457325463897,-0.6808647969784503,-0.639417167799414,29009509.08,0.01,713744.0,20201111.0,322277.0,0.01,1004339.0,0.01,15688.4,6.2
-0.5372285920498896,-0.48716457325463897,-0.6808647969784503,-0.5084870853076352,37911608.35,0.01,721180.0,20201112.0,324855.0,0.01,1064270.0,0.01,16297.1,6.2
-0.5372285920498896,-0.48716457325463897,-0.6808647969784503,-0.4435217772010273,28383384.22,0.01,685725.0,20201113.0,300040.0,0.01,999523.0,0.01,16320.9,6.2
-0.5372285920498896,-0.48716457325463897,-0.6808647969784503,-0.639417167799414,18254961.33,0.01,613373.0,20201114.0,273511.0,0.01,915336.0,0.01,16064.7,6.2
-0.5372285920498896,-0.48716457325463897,-0.6808647969784503,-0.35157087957321315,15609155.46,0.01,555375.0,20201115.0,252715.0,0.01,845204.0,0.0,15954.0,6.2
-0.5372285920498896,-0.48716457325463897,-0.6808647969784503,-0.049732063447127536,28699492.82,0.01,681273.0,20201116.0,311477.0,0.01,1041491.0,0.01,16711.8,6.2
-0.5372285920498896,-0.48716457325463897,-0.6808647969784503,0.45399894094872406,53473990.92,0.01,770689.0,20201117.0,347772.0,0.01,1142716.0,0.01,17665.7,7.43
-0.5372285920498896,-0.48716457325463897,-0.6808647969784503,0.8577833174882558,75996631.32,0.06,807705.0,20201118.0,362007.0,0.02,1197076.0,0.01,17775.4,7.43
-0.6051428697168411,-0.5954493773831521,-0.8290516451920374,0.45399894094872406,38367040.46,0.03,717377.0,20201119.0,311061.0,0.01,1052034.0,0.02,17805.7,7.43
-0.7030452699899791,-0.6094971357565808,-4.411693680788215,0.5549450350836068,40325078.23,0.04,772326.0,20201120.0,348026.0,0.04,1177776.0,0.05,18659.4,7.43
-0.5372285920498896,-0.48716457325463897,-0.6808647969784503,0.45399894094872406,38567436.63,0.01,663959.0,20201121.0,311189.0,0.01,1007240.0,0.04,18702.2,8.67
-0.5372285920498896,-0.48716457325463897,-0.6808647969784503,-0.2436285214883878,43504186.84,0.09,587237.0,20201122.0,271125.0,0.08,875364.0,0.06,18416.9,8.05
-0.5372285920498896,-0.48716457325463897,-0.6808647969784503,-0.17366588198896404,43071729.58,0.08,671932.0,20201123.0,297840.0,0.1,1014814.0,0.07,18370.6,8.05
-0.5372285920498896,-0.48716457325463897,-0.6808647969784503,0.24411102245045246,64022858.33,0.06,756417.0,20201124.0,333293.0,0.05,1052398.0,0.11,19153.2,10.36
-0.5372285920498896,-0.48716457325463897,-0.6808647969784503,0.10518520973016815,48673730.69,0.04,812699.0,20201125.0,361990.0,0.08,1127776.0,0.08,18723.3,9.2
-0.5372285920498896,-0.48716457325463897,-0.6808647969784503,0.31407366194987624,96668242.79,0.01,736612.0,20201126.0,323975.0,0.04,1115848.0,0.08,17148.5,9.2
-0.5372285920498896,-0.48716457325463897,-0.6808647969784503,-0.17366588198896404,46106480.78,0.01,719237.0,20201127.0,322445.0,0.01,1099990.0,0.03,17139.2,6.9
-0.5839747831712978,-0.5462822230761515,-1.2454146923994436,-0.3825543342086723,32079169.72,0.01,644206.0,20201128.0,293949.0,0.01,1038684.0,0.01,17716.8,6.9
-0.5372285920498896,-0.48716457325463897,-0.6808647969784503,-0.3875516656014882,29506481.48,0.01,589008.0,20201129.0,263573.0,0.01,875712.0,0.01,18180.4,6.82
-0.5372285920498896,-0.48716457325463897,-0.6808647969784503,0.029225772559365155,69277740.22,0.01,623554.0,20201130.0,256551.0,0.01,903580.0,0.01,19693.9,7.95
-0.6580630860806995,-0.5954493773831521,0.06582893292693553,0.029225772559365155,68126598.18,0.04,841581.0,20201201.0,378068.0,0.05,1179012.0,0.03,18770.5,7.95
-0.3832559625340921,-0.4213575146838747,-0.6037459270984125,-0.24862585288120387,48748096.71,0.01,756978.0,20201202.0,327019.0,0.01,1015318.0,0.01,19206.0,6.82
-0.3832559625340921,-0.4213575146838747,-0.6037459270984125,-0.3185884923806276,31489486.29,0.01,777633.0,20201203.0,346921.0,0.01,1165469.0,0.01,19423.8,6.82
-0.3832559625340921,-0.4213575146838747,-0.6037459270984125,-0.3185884923806276,34138071.04,0.01,729984.0,20201204.0,318894.0,0.01,1070208.0,0.03,18654.6,6.82
-0.3832559625340921,-0.4213575146838747,-0.6037459270984125,-0.45651483882234895,17325178.56,0.01,642981.0,20201205.0,282599.0,0.01,1077064.0,0.01,19147.0,6.82
-0.3832559625340921,-0.4213575146838747,-0.6037459270984125,-0.6034363817711389,21261532.66,0.01,582059.0,20201206.0,258624.0,0.01,906549.0,0.01,19362.6,6.2
-0.3832559625340921,-0.4213575146838747,-0.6037459270984125,-0.5404700062216575,19534653.71,0.01,673269.0,20201207.0,300906.0,0.01,1017188.0,0.01,19168.9,6.2
-0.3832559625340921,-0.4213575146838747,-0.6037459270984125,-0.5404700062216575,25651244.02,0.01,737193.0,20201208.0,330970.0,0.01,1057637.0,0.01,18327.3,6.2
-0.3832559625340921,-0.4213575146838747,-0.6037459270984125,-0.477503630672176,34056580.84,0.01,748572.0,20201209.0,321079.0,0.01,1059284.0,0.01,18540.1,6.2
-0.3832559625340921,-0.4213575146838747,-0.6037459270984125,-0.6034363817711389,22921047.22,0.01,713602.0,20201210.0,313649.0,0.01,995137.0,0.01,18251.2,5.16
-0.3832559625340921,-0.4213575146838747,-0.6037459270984125,-0.5404700062216575,33048546.82,0.01,711679.0,20201211.0,304735.0,0.01,1078069.0,0.01,18027.0,5.16
-0.3832559625340921,-0.4213575146838747,-0.6037459270984125,-0.6664027573206204,17923733.3,0.0,654893.0,20201212.0,295410.0,0.01,962538.0,0.01,18806.8,6.2
-0.3832559625340921,-0.4213575146838747,-0.6037459270984125,-0.13568616340356246,24652286.65,0.01,611911.0,20201213.0,276160.0,0.01,938739.0,0.0,19176.1,8.05
-0.41330708539785455,-0.5006270083625082,-1.2454146923994436,-0.13568616340356246,15916667.89,0.01,696656.0,20201214.0,314350.0,0.01,977389.0,0.01,19271.1,6.71
-0.42422188002290034,-0.4619956728355792,-0.5432370116335238,-0.13568616340356246,22644928.49,0.01,722550.0,20201215.0,320440.0,0.01,1047043.0,0.01,19425.4,6.71
-0.3832559625340921,-0.4213575146838747,-0.6037459270984125,1.0876605615577912,54998465.17,0.01,751162.0,20201216.0,315217.0,0.01,1098912.0,0.01,21340.8,9.4
0.4188633169238183,-0.06514649878621787,0.8683177109451296,2.6168439677594835,120800028.3,0.02,754492.0,20201217.0,309481.0,0.01,1066159.0,0.05,22805.7,12.08
-0.5750444966598967,-0.4830673103957223,-2.619292758833104,1.2915516823846835,39316497.41,0.05,851929.0,20201218.0,375549.0,0.03,1194851.0,0.05,23110.8,10.74
-0.3832559625340921,-0.4213575146838747,-0.6037459270984125,0.883769440730899,46540822.44,0.04,756109.0,20201219.0,343536.0,0.01,1158142.0,0.05,23828.0,18.79
-0.3832559625340921,-0.4213575146838747,-0.6037459270984125,-0.09970537737528741,39862615.54,0.04,638816.0,20201220.0,282043.0,0.08,1075417.0,0.07,23469.5,8.67
-0.3832559625340921,-0.4213575146838747,-0.6037459270984125,0.015233244659480335,70516151.94,0.03,649848.0,20201221.0,269834.0,0.04,1126710.0,0.04,22717.5,7.71
-0.3832559625340921,-0.4213575146838747,-0.6037459270984125,-0.21464399941005516,50652136.19,0.01,738842.0,20201222.0,324163.0,0.01,1095221.0,0.02,23813.1,6.75
-0.3832559625340921,-0.4213575146838747,-0.6037459270984125,-0.27161357728815727,71427924.74,0.01,782736.0,20201223.0,338463.0,0.01,1138302.0,0.02,23230.7,7.71
-0.3832559625340921,-0.4213575146838747,-0.6037459270984125,-0.38555273304436183,41445144.97,0.01,639280.0,20201224.0,269559.0,0.01,969168.0,0.01,23729.6,6.75
-0.3832559625340921,-0.4213575146838747,-0.6037459270984125,-0.27161357728815727,53166907.88,0.01,662980.0,20201225.0,303901.0,0.02,1021183.0,0.03,24706.7,7.71
-0.3832559625340921,-0.4213575146838747,-0.6037459270984125,0.24411102245045246,71245479.44,0.02,627843.0,20201226.0,273954.0,0.01,957062.0,0.03,26486.9,8.67
-0.3832559625340921,-0.4213575146838747,-0.6037459270984125,0.5479487711336645,133104656.2,0.03,696527.0,20201227.0,309005.0,0.02,1049825.0,0.01,26282.5,10.53
-0.3832559625340921,-0.4213575146838747,-0.6037459270984125,0.09619001322309938,59942921.59,0.04,717073.0,20201228.0,308983.0,0.04,1154354.0,0.07,27075.6,10.53
-0.43116765842065674,-0.3180061495079348,-2.2163685189130837,-0.1047027087681033,66288159.24,0.05,775919.0,20201229.0,336311.0,0.04,1146131.0,0.07,27383.3,10.53
-0.3832559625340921,-0.4213575146838747,-0.6037459270984125,0.14616332715125926,87153870.38,0.08,807268.0,20201230.0,338258.0,0.05,1221579.0,0.04,28868.1,10.53
-0.5998508480804553,-0.5252105855160084,1.463944848218203,0.14616332715125926,73593306.67,0.06,809871.0,20201231.0,344918.0,0.05,1193822.0,0.06,28920.5,9.36
0.46474325450355625,0.029174164578232135,-0.08741460935524688,0.04621669929493951,48825289.88,0.03,609741.0,20210101.0,258080.0,0.02,1001890.0,0.04,29333.2,10.53
0.46474325450355625,0.029174164578232135,-0.08741460935524688,1.1506269371072726,162634217.2,0.02,711719.0,20210102.0,297111.0,0.01,1140633.0,0.03,32185.4,14.04
-0.5892668048076836,-0.5638419210429374,1.6261704504730774,1.6993339240384684,190060494.2,0.11,812749.0,20210103.0,359116.0,0.12,1184688.0,0.12,33000.4,17.35
0.46474325450355625,0.029174164578232135,-0.08741460935524688,1.1806109254641686,232014964.4,0.24,851667.0,20210104.0,373734.0,0.16,1270082.0,0.16,31993.0,15.31
0.46474325450355625,0.029174164578232135,-0.08741460935524688,0.7148596396537186,167853552.8,0.05,845343.0,20210105.0,354091.0,0.09,1230529.0,0.06,33938.6,14.29
0.46474325450355625,0.029174164578232135,-0.08741460935524688,0.9737214058015867,192433638.9,0.21,924851.0,20210106.0,397384.0,0.13,1344921.0,0.06,36750.6,18.37
0.46474325450355625,0.029174164578232135,-0.08741460935524688,1.9581956901863362,245318722.3,0.14,940647.0,20210107.0,401744.0,0.1,1292297.0,0.15,39439.5,21.43
0.46474325450355625,0.029174164578232135,-0.08741460935524688,2.010167936671623,278784126.7,0.09,883788.0,20210108.0,358526.0,0.21,1237271.0,0.1,40574.7,19.39
0.46474325450355625,0.029174164578232135,-0.08741460935524688,1.284555418434741,137081709.5,0.07,760179.0,20210109.0,321389.0,0.06,1094947.0,0.13,40096.6,17.35
0.46474325450355625,0.029174164578232135,-0.08741460935524688,1.5913915659536426,207867270.4,0.12,768365.0,20210110.0,331865.0,0.15,1177151.0,0.15,38160.7,15.49
0.46474325450355625,0.029174164578232135,-0.08741460935524688,3.1255723035481506,525506119.2,0.08,801285.0,20210111.0,333958.0,0.09,1211948.0,0.05,35392.3,14.71
-0.2611614633517617,-0.3267859984913278,-0.10575583868879675,1.8862341181297861,240358993.7,0.05,796457.0,20210112.0,336627.0,0.03,1202314.0,0.05,34063.5,10.07
0.46474325450355625,0.029174164578232135,-0.08741460935524688,1.4734545450831855,211439082.7,0.02,772596.0,20210113.0,319167.0,0.01,1163164.0,0.05,37388.3,9.29
0.46474325450355625,0.029174164578232135,-0.08741460935524688,1.5324230555184142,154324088.5,0.07,802110.0,20210114.0,338809.0,0.08,1167975.0,0.07,39150.6,11.62
0.46474325450355625,0.029174164578232135,-0.08741460935524688,1.1786119929070422,177373458.9,0.06,808283.0,20210115.0,344002.0,0.06,1209589.0,0.07,36748.2,10.07
0.46474325450355625,0.029174164578232135,-0.08741460935524688,0.8238014640171071,145880725.1,0.03,733398.0,20210116.0,308461.0,0.01,1115276.0,0.12,35992.7,10.07
0.46474325450355625,0.029174164578232135,-0.08741460935524688,0.5479487711336645,122372685.9,0.03,642730.0,20210117.0,271874.0,0.03,1002014.0,0.07,35836.2,13.01
0.46474325450355625,0.029174164578232135,-0.08741460935524688,0.43201068282033384,108121789.6,0.05,720228.0,20210118.0,313816.0,0.06,1077578.0,0.01,36620.7,11.01
0.46474325450355625,0.029174164578232135,-0.08741460935524688,0.43201068282033384,96234699.47,0.14,757920.0,20210119.0,325083.0,0.06,1095890.0,0.1,35899.3,14.01
0.46474325450355625,0.029174164578232135,-0.08741460935524688,0.31707206078556593,110343206.3,0.02,755823.0,20210120.0,314809.0,0.09,1107233.0,0.16,35474.7,11.01
0.46474325450355625,0.029174164578232135,-0.08741460935524688,0.7208564373250976,224524544.1,0.05,736588.0,20210121.0,290754.0,0.04,1059467.0,0.02,30860.8,12.01
0.46474325450355625,0.029174164578232135,-0.08741460935524688,0.8947635697950942,197989414.1,0.01,783335.0,20210122.0,326935.0,0.01,1115180.0,0.03,32958.6,11.01
0.46474325450355625,0.029174164578232135,-0.08741460935524688,0.31707206078556593,92884159.6,0.01,710703.0,20210123.0,305209.0,0.01,1128728.0,0.01,32075.4,10.01
0.46474325450355625,0.029174164578232135,-0.08741460935524688,0.4040256270205642,70624286.22,0.01,608849.0,20210124.0,253971.0,0.01,1004162.0,0.01,32255.3,16.73
-0.6137424048759681,-0.6024732565698664,-1.2454146923994436,0.539953040905159,106674513.2,0.05,732867.0,20210125.0,309102.0,0.01,1121794.0,0.04,32268.8,18.4
0.13640166208172425,-0.36892927361161393,-0.7599377791426234,0.3360619200782668,120848195.2,0.01,768537.0,20210126.0,336935.0,0.01,1182517.0,0.04,32477.4,16.73
-0.3326037554429705,-0.28991063276107737,-1.2454146923994436,0.539953040905159,137625687.3,0.01,787548.0,20210127.0,323553.0,0.01,1106142.0,0.01,30343.9,16.73
3.2428183626402105,1.776865817929623,0.12702350182485395,0.539953040905159,108315018.9,0.01,767142.0,20210128.0,325146.0,0.01,1097896.0,0.01,33353.1,25.09
1.6707571852813428,0.5792944165948247,0.9914267848456481,1.7603013670308234,336548477.6,0.06,888960.0,20210129.0,341036.0,0.01,1208741.0,0.02,34240.3,60.22
0.46474325450355625,0.029174164578232135,-0.08741460935524688,0.8108084023957857,115776990.2,0.03,756022.0,20210130.0,312313.0,0.04,1087755.0,0.17,34273.2,41.82
0.46474325450355625,0.029174164578232135,-0.08741460935524688,0.2241216968791886,80796973.18,0.05,702062.0,20210131.0,290753.0,0.05,1063553.0,0.05,33100.8,21.68
-0.6564754795897837,-0.5448774472388086,-0.9059888169123222,0.1671521190010863,122663289.5,0.04,724841.0,20210201.0,280863.0,0.01,999221.0,0.04,33522.5,19.88
-0.6316029778987703,-0.5216986459226512,0.17525922083850737,0.05421242952344509,101693604.8,0.04,865515.0,20210202.0,364551.0,0.04,1202183.0,0.07,35481.7,17.17
-0.6564754795897837,-0.5448774472388086,-0.9059888169123222,0.1671521190010863,100220161.7,0.08,836448.0,20210203.0,344425.0,0.08,1187019.0,0.12,37618.7,18.07
-0.6564754795897837,-0.5448774472388086,-0.9059888169123222,0.2241216968791886,134562940.5,0.07,895626.0,20210204.0,367788.0,0.03,1226684.0,0.08,36948.5,22.59
-0.6564754795897837,-0.5448774472388086,-0.9059888169123222,0.11118200740154738,86197126.87,0.07,856297.0,20210205.0,360541.0,0.06,1257476.0,0.06,38294.4,22.59
-0.6276339616714809,-0.5603299814495802,-1.2454146923994436,0.3940309642349321,153897343.5,0.07,795079.0,20210206.0,333886.0,0.03,1147256.0,0.1,39195.5,22.59
-0.6564754795897837,-0.5448774472388086,-0.9059888169123222,1.4114876358122672,91972455.83,0.07,718596.0,20210207.0,286364.0,0.16,1159518.0,0.1,38807.6,29.12
-0.6564754795897837,-0.5448774472388086,-0.9059888169123222,4.577796806300477,212132648.4,0.06,822971.0,20210208.0,335223.0,0.06,1249543.0,0.11,46373.5,33.6
-0.6564754795897837,-0.5448774472388086,-0.9059888169123222,5.765162745233556,201891604.0,0.19,903883.0,20210209.0,360137.0,0.13,1174227.0,0.25,46434.8,36.96
-0.6660011185352782,-0.5216986459226512,1.2052478079360223,3.3904308673673986,198189685.6,0.18,861426.0,20210210.0,340758.0,0.12,1191329.0,0.16,44812.2,34.72
-0.6564754795897837,-0.5448774472388086,-0.9059888169123222,2.9946422210563726,188171652.0,0.08,796146.0,20210211.0,304739.0,0.08,1052110.0,0.11,47941.5,34.72
-0.6693086320580194,-0.5427702834827943,-5.533354131881827,2.796747897900859,159561721.4,0.13,857246.0,20210212.0,343306.0,0.13,1157108.0,0.17,47310.7,34.72
-0.6564754795897837,-0.5448774472388086,-0.9059888169123222,2.104117766856563,129227867.9,0.14,788028.0,20210213.0,336624.0,0.14,1217682.0,0.11,47152.6,35.84
-0.6564754795897837,-0.5448774472388086,-0.9059888169123222,1.2675644916991669,163299915.8,0.15,698818.0,20210214.0,298254.0,0.09,1122976.0,0.08,48591.9,26.64
-0.6564754795897837,-0.5448774472388086,-0.9059888169123222,1.2675644916991669,188990056.3,0.04,769869.0,20210215.0,308496.0,0.12,1140491.0,0.15,47904.4,24.8
-0.6564754795897837,-0.5448774472388086,-0.9059888169123222,1.5374203869112302,176084748.8,0.12,745457.0,20210216.0,296388.0,0.1,989854.0,0.07,49147.7,22.97
-0.6564754795897837,-0.5448774472388086,-0.9059888169123222,2.008169004114496,170893567.5,0.09,829226.0,20210217.0,317666.0,0.1,1134666.0,0.14,52118.1,23.89
-0.6564754795897837,-0.5448774472388086,-0.9059888169123222,1.6043846275749645,113272339.2,0.15,820203.0,20210218.0,316952.0,0.13,1138881.0,0.15,51568.9,23.89
-0.6878307077853698,-0.5778896794163662,0.8683177109451296,1.9412047634507623,200656740.9,0.08,884319.0,20210219.0,341586.0,0.09,1248515.0,0.13,55890.5,27.56
-0.6564754795897837,-0.5448774472388086,-0.9059888169123222,2.344989139990294,190744601.4,0.12,830094.0,20210220.0,320475.0,0.16,1187083.0,0.13,55851.5,33.07
-0.6564754795897837,-0.5448774472388086,-0.9059888169123222,1.5913915659536426,143658132.7,0.1,680893.0,20210221.0,271645.0,0.1,1047141.0,0.12,57423.0,25.4
-0.6564754795897837,-0.5448774472388086,-0.9059888169123222,2.0131663355073126,330513978.5,0.09,761941.0,20210222.0,285383.0,0.12,1094544.0,0.13,54096.6,24.61
-0.6564754795897837,-0.5448774472388086,-0.9059888169123222,2.8557164083360878,389277314.4,0.03,796658.0,20210223.0,287884.0,0.02,1054613.0,0.08,48908.3,25.4
-0.6564754795897837,-0.5448774472388086,-0.9059888169123222,1.8322629390873735,239303706.8,0.05,874171.0,20210224.0,358092.0,0.01,1230122.0,0.01,49685.2,18.26
-0.6564754795897837,-0.5448774472388086,-0.9059888169123222,1.1696167963999735,184044004.4,0.02,830544.0,20210225.0,326116.0,0.02,1217040.0,0.04,47082.7,17.46
-0.6564754795897837,-0.5448774472388086,-0.9059888169123222,1.2905522161061205,247604118.9,0.01,817077.0,20210226.0,306416.0,0.01,1114180.0,0.03,46289.6,15.88
-0.6564754795897837,-0.5448774472388086,-0.9059888169123222,0.7488414931248673,134946360.0,0.04,775777.0,20210227.0,320784.0,0.03,1202477.0,0.01,46114.4,17.46
-0.6564754795897837,-0.5448774472388086,-0.9059888169123222,0.6199103431902149,175990962.5,0.01,629972.0,20210228.0,254316.0,0.01,1033508.0,0.01,45141.6,17.97
0.29062366761709346,0.23092951970931103,-0.08145799515579957,0.5209631816124581,169389196.8,0.01,748049.0,20210301.0,280485.0,0.02,1073523.0,0.04,49590.3,16.33
0.29062366761709346,0.23092951970931103,-0.08145799515579957,0.323068858456945,142575425.5,0.01,810035.0,20210302.0,338150.0,0.01,1119669.0,0.01,48441.2,15.52
0.29062366761709346,0.23092951970931103,-0.08145799515579957,0.2740950108073485,160801620.8,0.01,840642.0,20210303.0,333402.0,0.01,1185450.0,0.01,50345.5,15.52
0.29062366761709346,0.23092951970931103,-0.08145799515579957,0.1751478492295919,178873453.3,0.01,752764.0,20210304.0,289631.0,0.01,1042797.0,0.05,48374.5,15.52
-0.4298446530115603,-0.2934225723544346,0.3864404782117165,0.07620068765183532,176318969.5,0.01,806404.0,20210305.0,317780.0,0.01,1154593.0,0.01,48758.9,13.07
2.262471354499734,2.530176860704738,-3.9902910808480385,-0.07271978785408112,94201823.81,0.01,677322.0,20210306.0,287963.0,0.01,1147083.0,0.01,48871.9,13.07
0.29062366761709346,0.23092951970931103,-0.08145799515579957,0.5479487711336645,122962479.8,0.01,654593.0,20210307.0,260739.0,0.01,1043256.0,0.01,50930.4,20.45
0.29062366761709346,0.23092951970931103,-0.08145799515579957,0.6888735164110753,137751640.2,0.01,723503.0,20210308.0,291955.0,0.01,1164249.0,0.02,52377.0,20.45
0.29062366761709346,0.23092951970931103,-0.08145799515579957,1.1836093242998584,165487483.1,0.04,782612.0,20210309.0,299682.0,0.07,1088598.0,0.02,54867.6,24.99
0.22768903530937992,0.3141429772963576,1.972699695526388,1.0426845790224475,224565244.8,0.05,833186.0,20210310.0,344688.0,0.02,1165773.0,0.06,55865.5,22.72
-0.3054821445564931,-0.3706852434082925,-1.2454146923994436,0.9007603674664733,191915265.0,0.1,766597.0,20210311.0,291245.0,0.1,1084417.0,0.06,57781.1,23.85
0.29062366761709346,0.23092951970931103,-0.08145799515579957,0.8307977279670495,228810606.1,0.07,818834.0,20210312.0,320744.0,0.1,1186618.0,0.09,57238.5,24.99
-0.6633551077170853,-0.5638419210429374,-1.2454146923994436,1.5364209206326669,259602986.9,0.06,739312.0,20210313.0,277072.0,0.05,1104466.0,0.05,61180.9,30.67
0.29062366761709346,0.23092951970931103,-0.08145799515579957,0.5119679851053893,186155667.7,0.08,736008.0,20210314.0,308050.0,0.08,1155175.0,0.06,59000.0,22.92
-0.28365255530640154,-0.0230032236659317,2.14932401987489,0.27209607825022214,338468393.2,0.11,782966.0,20210315.0,292231.0,0.08,1167577.0,0.12,55607.1,21.29
0.29062366761709346,0.23092951970931103,-0.08145799515579957,0.27209607825022214,409052587.5,0.04,822884.0,20210316.0,319493.0,0.02,1161912.0,0.02,56880.3,20.47
0.18138384599100388,0.48973995696421657,1.0425422482780269,0.17614731550815507,328135601.6,0.02,808119.0,20210317.0,296119.0,0.04,1110541.0,0.04,58875.8,19.65
0.29062366761709346,0.23092951970931103,-0.08145799515579957,0.12817293413712172,297279816.5,0.03,885634.0,20210318.0,331718.0,0.03,1219716.0,0.02,57648.9,19.65
-0.5171630100119265,-0.4339001560887218,-1.2454146923994436,0.032224171395054686,217005823.7,0.01,833389.0,20210319.0,316180.0,0.03,1158820.0,0.03,58024.2,18.01
0.29062366761709346,0.23092951970931103,-0.08145799515579957,-0.1116989727180457,161565114.2,0.04,742019.0,20210320.0,286948.0,0.05,1124513.0,0.03,58113.5,19.65
2.3186990843863335,1.7610620897595157,1.7538391197032444,0.3320640549640141,186845535.5,0.04,612850.0,20210321.0,234936.0,0.03,1112554.0,0.05,57350.2,20.45
0.29062366761709346,0.23092951970931103,-0.08145799515579957,0.4569973397844138,237141977.0,0.05,781908.0,20210322.0,297410.0,0.05,1144113.0,0.01,54096.1,21.33
0.29062366761709346,0.23092951970931103,-0.08145799515579957,0.39503043051349546,239135883.5,0.03,810265.0,20210323.0,314234.0,0.02,1234149.0,0.05,54348.4,18.67
0.29062366761709346,0.23092951970931103,-0.08145799515579957,0.6448970001542949,351202326.2,0.02,780464.0,20210324.0,305093.0,0.05,1153475.0,0.04,52307.4,18.67
0.29062366761709346,0.23092951970931103,-0.08145799515579957,0.8327966605241759,375950351.6,0.01,847860.0,20210325.0,318562.0,0.01,1218346.0,0.03,51301.7,18.67
0.29062366761709346,0.23092951970931103,-0.08145799515579957,0.39503043051349546,245299757.5,0.01,790548.0,20210326.0,293610.0,0.02,1085835.0,0.01,55032.0,16.89
-0.6289569670805774,-0.6059851961632235,0.5373870814932488,0.3320640549640141,200758048.8,0.01,722993.0,20210327.0,288259.0,0.01,1149403.0,0.01,55820.4,18.67
0.29062366761709346,0.23092951970931103,-0.08145799515579957,0.2960832689357387,176119911.2,0.01,629197.0,20210328.0,248605.0,0.01,1063472.0,0.01,55772.9,24.16
0.29062366761709346,0.23092951970931103,-0.08145799515579957,0.4949770583698152,251384747.3,0.01,776764.0,20210329.0,303305.0,0.01,1115525.0,0.01,57628.9,24.16
2.014187339392632,0.555296162706884,0.1522212654887029,0.6269066071401573,208118726.1,0.03,826466.0,20210330.0,321090.0,0.03,1154381.0,0.02,58754.6,26.36
-0.688492210489918,-0.5884254981964377,-1.2454146923994436,0.5609418327549862,288469053.1,0.07,900660.0,20210331.0,332749.0,0.08,1234495.0,0.08,58745.9,26.36
0.0878704636623288,-0.0756823175662894,0.6043830402717477,0.6928713815253283,186078130.9,0.1,814587.0,20210401.0,311939.0,0.11,1145125.0,0.06,58735.7,27.46
0.0878704636623288,-0.0756823175662894,0.6043830402717477,0.4949770583698152,151446539.6,0.11,795716.0,20210402.0,305788.0,0.07,1103476.0,0.05,58963.6,29.65
0.0878704636623288,-0.0756823175662894,0.6043830402717477,0.36204804332090973,147434403.1,0.11,704293.0,20210403.0,281717.0,0.06,1020968.0,0.1,57058.3,31.85
0.0878704636623288,-0.0756823175662894,0.6043830402717477,0.11617933879436326,119228330.2,0.05,618857.0,20210404.0,246007.0,0.05,1032167.0,0.1,58201.4,27.88
0.6596503013793739,0.6196817219184323,-1.2454146923994436,0.23411635966482053,174821106.7,0.04,763702.0,20210405.0,289046.0,0.04,1229289.0,0.03,59116.2,30.76
-0.21088725780609627,-0.45497179364886486,0.7776057617552738,0.1751478492295919,173169186.8,0.06,841579.0,20210406.0,309565.0,0.1,1180036.0,0.04,57988.3,30.76
0.0878704636623288,-0.0756823175662894,0.6043830402717477,0.11617933879436326,299996660.4,0.05,860993.0,20210407.0,321319.0,0.06,1246138.0,0.08,55958.2,27.88
0.0878704636623288,-0.0756823175662894,0.6043830402717477,0.05721082835913462,181817013.5,0.02,761635.0,20210408.0,278534.0,0.04,1092604.0,0.05,58076.7,25.96
-0.6441715292851866,-0.5884254981964377,2.312989494339127,-0.06072619251132265,204849717.1,0.03,853581.0,20210409.0,324720.0,0.02,1222362.0,0.03,58131.6,24.03
0.0878704636623288,-0.0756823175662894,0.6043830402717477,0.23411635966482053,332014577.5,0.15,762965.0,20210410.0,299086.0,0.01,1163952.0,0.02,59770.2,28.84
0.0878704636623288,-0.0756823175662894,0.6043830402717477,0.5479487711336645,233158562.8,0.1,653736.0,20210411.0,253449.0,0.09,1043812.0,0.12,60007.6,39.65
0.3037618463324263,0.019140051454354462,-1.2454146923994436,0.6209098094687778,277430208.7,0.11,762819.0,20210412.0,291369.0,0.09,1126723.0,0.11,59863.4,35.93
0.0878704636623288,-0.0756823175662894,0.6043830402717477,1.2815570195990518,430518557.6,0.09,839652.0,20210413.0,310213.0,0.08,1178027.0,0.09,63578.7,43.37
1.3910832918369878,0.9427801645072927,0.8218989735290052,1.5744006392180685,487298143.9,0.11,854552.0,20210414.0,297494.0,0.09,1149773.0,0.12,62958.7,50.8
0.0878704636623288,-0.0756823175662894,0.6043830402717477,1.061674438315148,296178401.8,0.08,952400.0,20210415.0,359440.0,0.08,1366494.0,0.1,63152.6,48.33
-0.6898152158990145,-0.6007172867731878,-0.18854849072715701,1.2815570195990518,510423835.7,0.12,733666.0,20210416.0,219704.0,0.11,933121.0,0.11,61342.6,73.11
1.1167486702222005,0.4932518965575738,-1.2454146923994436,0.7678313524175682,328364887.7,0.05,611196.0,20210417.0,194580.0,0.05,828375.0,0.12,59995.2,66.91
0.0878704636623288,-0.0756823175662894,0.6043830402717477,1.0516797755295162,637797282.4,0.06,754058.0,20210418.0,274735.0,0.08,1057891.0,0.09,56150.6,47.09
0.0878704636623288,-0.0756823175662894,0.6043830402717477,0.5969226187832612,432634348.9,0.01,674744.0,20210419.0,208413.0,0.01,884672.0,0.01,55618.8,40.81
0.0878704636623288,-0.0756823175662894,0.6043830402717477,0.36904430727085213,480164200.6,0.01,829989.0,20210420.0,279977.0,0.01,1126908.0,0.01,56427.8,43.16
0.0878704636623288,-0.0756823175662894,0.6043830402717477,0.05121403068775539,345339357.8,0.01,719498.0,20210421.0,226021.0,0.01,918079.0,0.01,53793.6,36.88
0.0878704636623288,-0.0756823175662894,0.6043830402717477,0.2780928759216012,475394174.2,0.01,757844.0,20210422.0,274610.0,0.01,1114976.0,0.01,51696.4,37.67
0.0878704636623288,-0.0756823175662894,0.6043830402717477,1.188606655692674,441295812.6,0.05,794322.0,20210423.0,295731.0,0.01,1114180.0,0.01,51102.7,44.73
0.0878704636623288,-0.0756823175662894,0.6043830402717477,0.41501975608475933,241336360.9,0.03,695216.0,20210424.0,290690.0,0.01,1125210.0,0.01,50033.0,29.82
0.0878704636623288,-0.0756823175662894,0.6043830402717477,0.47598719907711434,237153315.2,0.04,585806.0,20210425.0,241041.0,0.02,1026103.0,0.02,49086.9,34.7
0.0878704636623288,-0.0756823175662894,0.6043830402717477,0.6379007362043524,353727728.3,0.01,677984.0,20210426.0,240687.0,0.01,943203.0,0.01,54000.2,33.78
0.0878704636623288,-0.0756823175662894,0.6043830402717477,0.42201602003470173,237020455.9,0.01,748381.0,20210427.0,298109.0,0.01,1092574.0,0.01,55014.3,33.78
-0.4913644045345456,-0.5462822230761515,3.2863431078683725,0.31407366194987624,262912695.6,0.01,728620.0,20210428.0,277126.0,0.01,1113474.0,0.01,54833.2,32.87
-0.6441715292851866,-0.565597890839616,2.1654025928794414,0.15216012482263833,234153663.4,0.01,703520.0,20210429.0,259465.0,0.01,986056.0,0.01,53558.4,30.13
0.0878704636623288,-0.0756823175662894,0.6043830402717477,0.09818894578022573,277531927.9,0.01,738101.0,20210430.0,289389.0,0.01,1122022.0,0.01,57697.3,31.96
-0.4338136692388497,-0.5849135586030805,0.3864404782117165,0.09818894578022573,210179438.2,0.01,677778.0,20210501.0,262991.0,0.01,1040203.0,0.01,57794.7,33.78
0.5466313393023003,0.22691029995246892,0.7568284946551694,0.2241216968791886,199206958.1,0.05,587240.0,20210502.0,235214.0,0.02,1248724.0,0.03,56568.5,51.42
0.645427993231587,0.5494429300512886,2.6839965669516053,0.414020289806196,276554749.5,0.04,746177.0,20210503.0,287007.0,0.04,1268856.0,0.05,57159.7,59.76
-0.6858461996717251,-0.5954493773831521,2.243395670886592,0.414020289806196,390469293.4,0.01,772207.0,20210504.0,300824.0,0.05,1293836.0,0.07,53196.3,72.27
-0.5902590588645059,-0.5427702834827943,0.5613849516492952,0.414020289806196,344232265.4,0.04,808208.0,20210505.0,309774.0,0.04,1208973.0,0.07,57431.5,83.39
-0.5198090208301195,-0.4444359748687933,-1.493072712409843,0.3510539142567146,365133897.8,0.06,843433.0,20210506.0,311380.0,0.08,1228892.0,0.01,56397.6,84.78
0.5466313393023003,0.22691029995246892,0.7568284946551694,0.28708807242866996,372658922.0,0.05,804452.0,20210507.0,307988.0,0.04,1187763.0,0.09,57307.3,80.61
6.836762556450741,7.32397440563729,1.6261704504730774,0.28708807242866996,343485003.6,0.05,744143.0,20210508.0,274691.0,0.06,1169650.0,0.02,58863.1,93.12
0.5466313393023003,0.22691029995246892,0.7568284946551694,0.7638334873033151,337488136.0,0.04,690253.0,20210509.0,247866.0,0.05,1234486.0,0.05,58250.2,61.96
-0.6832001888535322,-0.5954493773831521,2.243395670886592,0.842791323309808,466857350.5,0.09,824736.0,20210510.0,303297.0,0.03,1315147.0,0.06,55813.2,61.96
0.5466313393023003,0.22691029995246892,0.7568284946551694,0.7638334873033151,382931091.5,0.05,854634.0,20210511.0,312115.0,0.04,1258920.0,0.1,56678.3,60.19
0.5466313393023003,0.22691029995246892,0.7568284946551694,0.842791323309808,522673294.3,0.03,852846.0,20210512.0,300452.0,0.02,1245595.0,0.03,49661.9,57.53
0.5466313393023003,0.22691029995246892,0.7568284946551694,3.9871122356696276,497271871.0,0.01,806882.0,20210513.0,276472.0,0.01,1187747.0,0.04,49675.4,62.84
-0.06293115288880895,-0.3952688205617928,-0.9020851633669388,1.9432036960078884,273449532.7,0.04,752353.0,20210514.0,266055.0,0.04,1066269.0,0.02,49848.5,52.22
-0.37163241501131605,-0.46234686679491493,0.7215467370707495,1.2355815707851445,379327493.4,0.01,646899.0,20210515.0,232099.0,0.01,953308.0,0.02,46775.4,51.34
0.5466313393023003,0.22691029995246892,0.7568284946551694,2.239045714462595,442072367.4,0.02,604353.0,20210516.0,219435.0,0.04,971649.0,0.02,46427.4,57.0
0.5466313393023003,0.22691029995246892,0.7568284946551694,3.9381383880200307,516079876.2,0.06,684281.0,20210517.0,250910.0,0.01,962984.0,0.04,43538.7,53.0
-0.32946161759636644,-0.3004464515411489,1.437187222994211,2.638832225887874,419737500.8,0.01,619246.0,20210518.0,221018.0,0.05,856695.0,0.06,42847.8,50.0
0.5466313393023003,0.22691029995246892,0.7568284946551694,8.635629897267059,836064780.5,0.04,734818.0,20210519.0,263419.0,0.01,1031147.0,0.02,36664.7,100.0
-0.685515448319451,-0.5831575888064019,0.5376270601948091,6.536750712284344,508622726.6,0.01,694786.0,20210520.0,228039.0,0.01,943686.0,-0.09,40530.5,61.0
4.50959604185007,0.8023025807730056,-1.2454146923994436,4.637764783014269,509140291.3,0.0,695822.0,20210521.0,226351.0,0.01,942736.0,0.01,37257.0,51.0
-0.5290700586937948,-0.5673538606362946,-1.2454146923994436,3.7382451323073913,380977242.3,0.01,603588.0,20210522.0,223800.0,-0.02,918673.0,0.01,37453.8,47.0
4.28369286824685,2.1614232034022343,0.5858627792084625,1.1596221336143413,500827223.2,0.0,555526.0,20210523.0,194320.0,-0.01,957018.0,0.01,34676.9,38.41
0.005589502257311853,-0.2705949649976129,1.0377426742468177,0.9527326139517595,386404645.8,-0.01,643231.0,20210524.0,234755.0,-0.01,975836.0,0.0,38809.9,29.8
-0.6878307077853698,-0.5919374377897949,1.7538391197032444,0.4989749234840679,361761310.1,0.01,640506.0,20210525.0,233644.0,0.01,968674.0,0.0,38320.9,27.15
-0.23999337680621838,-0.21264796170721942,2.5150515610530384,0.25110728640039487,361841801.0,0.01,641585.0,20210526.0,230753.0,0.01,933622.0,0.01,39241.4,25.83
0.5466313393023003,0.22691029995246892,0.7568284946551694,0.08619535043746744,328474370.6,0.01,602300.0,20210527.0,214035.0,0.01,864432.0,0.01,38527.7,23.18
0.5466313393023003,0.22691029995246892,0.7568284946551694,0.08619535043746744,419888900.7,0.01,616432.0,20210528.0,218311.0,0.01,972164.0,0.01,35661.2,22.52
-0.6223419400350951,-0.6059851961632235,0.17525922083850737,0.08619535043746744,431403491.3,0.01,537305.0,20210529.0,198332.0,0.01,863265.0,0.01,34600.2,22.52
0.5466313393023003,0.22691029995246892,0.7568284946551694,0.5119679851053893,269410832.4,0.01,476088.0,20210530.0,179795.0,0.01,990443.0,0.01,35644.4,27.26
0.5466313393023003,0.22691029995246892,0.7568284946551694,0.45499840722728707,299164717.0,0.01,599311.0,20210531.0,226469.0,0.01,977895.0,0.01,37257.6,24.62
0.02981703881139076,-0.09850992492311107,0.33334519049146355,0.39902829562774816,280928353.8,0.01,615006.0,20210601.0,234561.0,0.01,914351.0,0.01,36689.4,25.5
0.02981703881139076,-0.09850992492311107,0.33334519049146355,0.34205871774964586,225880526.9,0.01,663855.0,20210602.0,250589.0,0.01,1090605.0,0.01,37589.0,26.38
0.02981703881139076,-0.09850992492311107,0.33334519049146355,0.34205871774964586,230828970.6,0.01,692529.0,20210603.0,255621.0,0.01,1015474.0,0.01,39249.9,26.38
-0.058080133055455244,-0.15645692821350454,-0.7524984393942491,0.5689375629834916,303419310.0,0.02,632737.0,20210604.0,236672.0,0.01,907519.0,0.01,36829.3,25.5
-0.044850078964490656,0.05425944738792626,-2.9790208324722407,0.34205871774964586,265851704.3,0.01,537842.0,20210605.0,194580.0,0.01,762659.0,0.01,35514.6,25.5
0.02981703881139076,-0.09850992492311107,0.33334519049146355,0.5479487711336645,186157287.0,0.01,467665.0,20210606.0,185305.0,0.01,737174.0,0.01,35798.1,24.78
0.02981703881139076,-0.09850992492311107,0.33334519049146355,0.42901228398464414,238469255.1,0.01,615279.0,20210607.0,235479.0,0.01,910652.0,0.01,33560.0,25.7
0.02981703881139076,-0.09850992492311107,0.33334519049146355,1.0846621627221016,358886482.9,0.0,656191.0,20210608.0,246906.0,0.01,998834.0,0.01,33379.8,29.37
0.02981703881139076,-0.09850992492311107,0.33334519049146355,0.8457897221454973,343432220.2,-0.01,581779.0,20210609.0,210911.0,0.01,817282.0,0.01,37377.0,22.95
0.02981703881139076,-0.09850992492311107,0.33334519049146355,0.6079167478474564,294611922.5,0.01,679752.0,20210610.0,252983.0,-0.02,948298.0,-0.01,36673.0,22.95
0.02981703881139076,-0.09850992492311107,0.33334519049146355,0.36904430727085213,209651638.4,0.0,616007.0,20210611.0,216502.0,0.01,874050.0,0.01,37337.6,21.11
0.02981703881139076,-0.09850992492311107,0.33334519049146355,0.07120335625901944,219888857.2,0.01,584529.0,20210612.0,222774.0,-0.01,1013611.0,0.0,35573.4,21.11
0.02981703881139076,-0.09850992492311107,0.33334519049146355,0.11617933879436326,291833418.8,0.0,480484.0,20210613.0,187098.0,0.01,799859.0,0.0,39018.7,21.68
-0.3431877987157422,-0.4128285185285787,2.5347298145809964,0.5289589118409639,390847958.3,0.01,624698.0,20210614.0,242416.0,0.01,972587.0,-0.01,40543.0,22.67
-0.46490429635261643,-0.3390777870680779,0.1795788374665958,0.1751478492295919,300509566.4,0.01,677276.0,20210615.0,241861.0,0.01,963054.0,0.0,40156.7,21.68
0.02981703881139076,-0.09850992492311107,0.33334519049146355,0.05721082835913462,313057464.0,0.01,651528.0,20210616.0,252937.0,0.01,954838.0,0.01,38347.2,21.68
0.02981703881139076,-0.09850992492311107,0.33334519049146355,-0.0017576820760940145,300356565.4,0.01,601894.0,20210617.0,237725.0,0.01,865333.0,0.01,38091.2,21.68
0.02981703881139076,-0.09850992492311107,0.33334519049146355,-0.06072619251132265,265798131.1,0.0,567037.0,20210618.0,222918.0,0.01,825241.0,0.01,35823.0,20.7
0.02981703881139076,-0.09850992492311107,0.33334519049146355,-0.1196947029465513,200080223.6,-0.01,489074.0,20210619.0,187042.0,-0.01,688095.0,0.01,35478.5,20.7
0.02981703881139076,-0.09850992492311107,0.33334519049146355,0.3680448409922892,247106949.7,0.01,441204.0,20210620.0,167249.0,0.01,652470.0,0.01,35600.5,22.92
0.02981703881139076,-0.09850992492311107,0.33334519049146355,1.2315837056708918,447895035.2,0.01,549345.0,20210621.0,205050.0,0.0,835557.0,-0.02,31614.1,29.18
0.02981703881139076,-0.09850992492311107,0.33334519049146355,2.0161647343430023,456701075.8,0.01,550948.0,20210622.0,196523.0,0.01,776432.0,-0.02,32505.1,34.39
-0.6878307077853698,-0.5919374377897949,1.7538391197032444,1.152625869664399,329515574.3,-0.01,598493.0,20210623.0,232704.0,0.0,847730.0,-0.03,33675.0,21.88
0.2984698246960405,-0.09675395512643248,-3.9230970444111084,0.7608350884676257,213058141.8,0.01,594998.0,20210624.0,233278.0,-0.01,843836.0,-0.02,34657.9,20.84
0.02981703881139076,-0.09850992492311107,0.33334519049146355,0.6818772524611332,286526052.1,0.01,564091.0,20210625.0,218245.0,0.0,880813.0,-0.02,31588.1,20.84
0.02981703881139076,-0.09850992492311107,0.33334519049146355,0.6039188827332037,257996506.2,-0.01,490112.0,20210626.0,181628.0,-0.01,715801.0,0.01,32283.7,19.8
0.02981703881139076,-0.09850992492311107,0.33334519049146355,-0.06372459134701218,205535768.1,-0.05,379066.0,20210627.0,124640.0,-0.02,518219.0,-0.01,34704.4,17.35
-0.4410901989888802,-0.5041389479558653,3.1303569518540693,0.049215098130629034,222031983.5,0.0,580308.0,20210628.0,217898.0,0.0,776365.0,-0.03,34490.7,18.31
1.9800096996576402,1.2588547279094389,2.7228731166044007,0.049215098130629034,220229621.6,0.01,566351.0,20210629.0,205616.0,0.01,792995.0,0.01,35908.9,18.31
0.02981703881139076,-0.09850992492311107,0.33334519049146355,-0.1196947029465513,200265522.0,0.01,567655.0,20210630.0,218734.0,0.01,790273.0,0.0,35045.4,17.35
0.6925600609306483,0.27112171727773215,0.16197040023959672,-0.23263439242419268,197113094.5,0.01,609509.0,20210701.0,230253.0,0.01,817115.0,0.01,33500.1,16.38
0.6925600609306483,0.27112171727773215,0.16197040023959672,-0.23263439242419268,160305767.2,0.01,532456.0,20210702.0,188568.0,0.01,809016.0,0.01,33791.4,14.46
0.6925600609306483,0.27112171727773215,0.16197040023959672,-0.2886045040237316,112243766.7,-0.01,583136.0,20210703.0,237463.0,0.0,1027108.0,-0.01,34675.2,14.46
0.6925600609306483,0.27112171727773215,0.16197040023959672,-0.31559009354493806,103698865.6,-0.02,467442.0,20210704.0,171850.0,0.0,843475.0,0.0,35273.7,16.11
0.6925600609306483,0.27112171727773215,0.16197040023959672,-0.3385778179518915,138884272.9,0.01,547735.0,20210705.0,223760.0,0.01,902032.0,0.0,33683.7,16.11
0.6925600609306483,0.27112171727773215,0.16197040023959672,-0.4085404574513154,151140327.8,-0.01,579824.0,20210706.0,228279.0,0.0,853332.0,-0.01,34228.5,15.53
0.6925600609306483,0.27112171727773215,0.16197040023959672,-0.477503630672176,131551764.0,0.01,568382.0,20210707.0,221227.0,-0.01,811614.0,-0.01,33862.8,14.38
0.6925600609306483,0.27112171727773215,0.16197040023959672,-0.38555273304436183,145653465.5,-0.01,580441.0,20210708.0,230719.0,0.0,802085.0,0.01,32875.7,14.96
0.6925600609306483,0.27112171727773215,0.16197040023959672,-0.4545159062652224,112577830.2,-0.02,569423.0,20210709.0,227511.0,-0.01,818441.0,-0.03,33816.4,13.23
0.6925600609306483,0.27112171727773215,0.16197040023959672,-0.5704539945785534,109503559.5,0.01,485683.0,20210710.0,187263.0,0.0,726034.0,-0.02,33510.0,12.08
0.6925600609306483,0.27112171727773215,0.16197040023959672,-0.31559009354493806,97552330.49,0.01,436977.0,20210711.0,166144.0,0.01,690684.0,0.0,34263.5,15.49
0.6925600609306483,0.27112171727773215,0.16197040023959672,-0.2556221168311463,138177733.4,0.0,560833.0,20210712.0,220269.0,0.01,838472.0,0.0,33089.4,17.7
0.38644968440095506,0.3141429772963576,2.7871874086226054,-0.22663759475281345,118153057.6,0.01,542415.0,20210713.0,229916.0,0.01,807050.0,0.01,32725.2,18.44
0.6925600609306483,0.27112171727773215,0.16197040023959672,-0.16666961803902164,141937548.6,0.0,564753.0,20210714.0,236217.0,0.01,817900.0,0.0,32819.3,19.18
-0.4576277666025859,-0.48833521978575806,-0.11367513584029215,-0.19665360639591745,133583939.9,0.01,572802.0,20210715.0,226234.0,0.0,828844.0,-0.01,31868.5,18.44
0.6925600609306483,0.27112171727773215,0.16197040023959672,-0.16666961803902164,105188036.5,0.01,552751.0,20210716.0,223466.0,-0.01,764392.0,0.0,31389.1,16.23
0.6925600609306483,0.27112171727773215,0.16197040023959672,-0.2856061051880421,89815389.13,0.0,458821.0,20210717.0,182047.0,0.01,640355.0,0.0,31520.2,15.49
0.6925600609306483,0.27112171727773215,0.16197040023959672,-0.09970537737528741,105548271.8,0.01,422214.0,20210718.0,161122.0,0.01,651828.0,0.0,31778.1,16.73
0.6925600609306483,0.27112171727773215,0.16197040023959672,0.21512650037211983,103744972.3,0.0,552678.0,20210719.0,226803.0,-0.01,845474.0,0.0,30833.3,19.12
0.6925600609306483,0.27112171727773215,0.16197040023959672,0.6349023373686628,167764490.4,-0.01,571829.0,20210720.0,230509.0,-0.02,822257.0,0.0,29782.5,23.1
0.6925600609306483,0.27112171727773215,0.16197040023959672,0.4949770583698152,217802130.2,-0.04,571507.0,20210721.0,235680.0,-0.02,815589.0,-0.02,32144.0,19.12
0.5716704416744594,0.8655174934534349,0.7034523429730903,0.2850891398715436,101199710.7,0.0,571344.0,20210722.0,230282.0,-0.02,780869.0,-0.03,32289.7,17.52
0.6925600609306483,0.27112171727773215,0.16197040023959672,0.040219901623560275,105752206.3,-0.02,581850.0,20210723.0,231130.0,0.0,803246.0,0.0,33634.7,16.73
0.6925600609306483,0.27112171727773215,0.16197040023959672,0.07520122137327215,127958831.1,-0.01,497255.0,20210724.0,198091.0,-0.01,712132.0,0.0,34256.7,19.12
0.6925600609306483,0.27112171727773215,0.16197040023959672,0.044217766737812976,141970016.8,-0.02,440908.0,20210725.0,174535.0,-0.03,641796.0,-0.01,35388.4,17.97
5.215419427603031,2.3282403340867,2.3792236159698152,1.1806109254641686,537795117.3,0.01,644448.0,20210726.0,261950.0,-0.05,958347.0,-0.01,37242.9,29.69
-0.34649531223848334,-0.39878076015514996,-2.5566583177258226,0.4450037444416553,214670342.3,0.01,600692.0,20210727.0,255221.0,0.01,903400.0,0.01,39465.5,21.87
-0.3941235069659559,-0.458483733242222,-1.2454146923994436,0.41202135724906963,399785544.5,0.01,605433.0,20210728.0,251223.0,0.0,868607.0,0.0,40015.5,21.87
0.8805922046984825,0.3668220711967153,0.5870626727162648,0.1781462480652816,292111567.1,0.01,620900.0,20210729.0,262612.0,0.0,880689.0,0.01,40022.4,20.31
-0.31540468512471653,-0.36014942462822097,-1.2454146923994436,0.14416439459413272,305134414.3,0.01,629903.0,20210730.0,255417.0,0.01,841162.0,0.01,42217.2,20.31
0.6925600609306483,0.27112171727773215,0.16197040023959672,0.1781462480652816,245815752.1,0.01,532121.0,20210731.0,207348.0,0.01,720022.0,0.0,41464.0,21.09
1.4623226944623209,1.4257614862189436,0.29841435883259254,-0.2436285214883878,281739326.8,0.01,474430.0,20210801.0,185157.0,0.01,695892.0,0.01,39852.1,17.35
1.4623226944623209,1.4257614862189436,0.29841435883259254,-0.2176423982457447,283806454.7,0.01,583866.0,20210802.0,239277.0,0.01,899861.0,0.01,39147.8,15.42
0.8834035911928125,0.9998491828993469,0.16913976394871566,-0.295600767973674,356802445.0,0.01,593856.0,20210803.0,246198.0,0.01,820918.0,0.01,38201.7,14.14
0.5743164524926523,0.9821138879528933,-0.1467921966556361,-0.3215868912163171,314458638.2,0.01,587149.0,20210804.0,239596.0,0.01,842870.0,0.01,39719.8,16.06
7.386140552578046,8.530325655955481,-0.3546137522069984,-0.3215868912163171,429871959.3,0.01,614597.0,20210805.0,246175.0,0.01,854629.0,0.0,40864.4,20.56
2.1893452373424025,2.505593283551238,-0.7871862698925344,-0.2176423982457447,357276690.5,0.01,636514.0,20210806.0,260810.0,0.01,894265.0,0.01,42839.6,18.63
1.279478335541065,0.3703340107900725,1.6314499819074075,-0.061725658789885826,365418851.2,0.01,529222.0,20210807.0,212229.0,0.01,724467.0,0.01,44574.4,22.49
1.4623226944623209,1.4257614862189436,0.29841435883259254,-0.027743805318737127,369925437.3,0.01,482998.0,20210808.0,191623.0,0.01,740945.0,0.01,43792.8,21.68
1.4623226944623209,1.4257614862189436,0.29841435883259254,0.08119801904465139,353748144.7,0.01,611235.0,20210809.0,252660.0,0.01,934412.0,0.01,46269.0,21.05
-0.06271065198729285,-0.22801269742815708,1.2411846184947017,0.02622737372367545,300838105.0,0.01,626461.0,20210810.0,260968.0,0.01,875882.0,0.01,45581.3,23.6
5.9854085756971696,6.969268506708214,3.0641228302233823,0.08119801904465139,350803776.9,0.01,631031.0,20210811.0,262437.0,0.01,866724.0,0.01,45520.8,26.79
1.4623226944623209,1.4257614862189436,0.29841435883259254,0.02622737372367545,404820768.0,0.01,605994.0,20210812.0,250961.0,0.01,842547.0,0.01,44415.2,24.24
0.2182074965441887,-0.3777091225950069,-1.368443773399442,-0.08171498436114988,378273659.2,0.01,639596.0,20210813.0,260624.0,0.01,917929.0,0.01,47807.7,23.6
1.4623226944623209,1.4257614862189436,0.29841435883259254,-0.13668562968212564,305557435.9,0.01,520081.0,20210814.0,209074.0,0.01,724702.0,0.01,47071.4,23.6
1.4623226944623209,1.4257614862189436,0.29841435883259254,-0.20764773546011275,349642973.4,0.01,474649.0,20210815.0,186239.0,0.01,750378.0,0.01,46980.4,22.92
1.4623226944623209,1.4257614862189436,0.29841435883259254,-0.15567548897482653,382127783.3,0.01,628859.0,20210816.0,263529.0,0.01,978773.0,0.01,45887.0,24.16
0.9599725292442701,0.5143235341177168,1.6314499819074075,-0.20764773546011275,465759379.1,0.01,618951.0,20210817.0,257766.0,0.01,953226.0,0.01,44684.3,24.16
1.4623226944623209,1.4257614862189436,0.29841435883259254,-0.23363385870275585,423494019.1,0.01,604474.0,20210818.0,247333.0,0.01,876483.0,0.01,44708.3,21.68
4.87964065477435,3.9630482147944677,-0.9408337243789019,-0.28660557146660526,329313825.6,0.01,613135.0,20210819.0,253447.0,0.01,888796.0,0.01,46765.7,22.3
0.3854574303441327,0.34926237322992937,1.4008304497078008,-0.15567548897482653,379218742.1,0.01,676861.0,20210820.0,271837.0,0.01,984372.0,0.01,49319.4,25.4
1.4623226944623209,1.4257614862189436,0.29841435883259254,-0.20764773546011275,325201390.7,0.02,555440.0,20210821.0,219407.0,0.01,787645.0,0.01,48821.3,22.92
1.4623226944623209,1.4257614862189436,0.29841435883259254,-0.17166694943183752,278508768.6,0.01,474281.0,20210822.0,190631.0,0.01,715639.0,0.02,49237.4,23.54
0.997016680698971,0.3597981920100009,-4.1222793667062945,0.10418574345160497,352804744.5,0.04,648964.0,20210823.0,270736.0,0.01,973417.0,0.01,49478.2,27.26
-0.679892675330791,-0.5849135586030805,0.8683177109451296,-0.033740602990116365,281234168.4,0.01,637990.0,20210824.0,263984.0,0.03,945668.0,0.02,47662.5,26.64
1.4623226944623209,1.4257614862189436,0.29841435883259254,-0.11669630411086176,238867868.0,0.01,636566.0,20210825.0,263009.0,0.02,867743.0,0.04,48983.2,24.16
-0.6931227294217557,-0.6094971357565808,1.0425422482780269,-0.17166694943183752,256433924.3,0.02,625141.0,20210826.0,258590.0,0.01,818959.0,0.01,46829.5,22.92
-0.49682180184706853,-0.5205279993915322,0.5332674471164607,-0.28260770635235255,215034437.6,0.01,619412.0,20210827.0,256813.0,0.01,864176.0,0.01,49054.1,22.3
1.4623226944623209,1.4257614862189436,0.29841435883259254,-0.33757835167332834,159023327.2,0.03,538074.0,20210828.0,218268.0,0.01,726381.0,0.01,48890.0,22.3
1.4623226944623209,1.4257614862189436,0.29841435883259254,-0.35157087957321315,178385922.9,0.01,474721.0,20210829.0,191650.0,0.01,685753.0,0.02,48763.2,23.54
1.4623226944623209,1.4257614862189436,0.29841435883259254,-0.3235858237734437,247649040.1,0.01,591561.0,20210830.0,250955.0,0.01,910173.0,0.01,46981.0,24.2
-0.4086765664660169,-0.4110725487319001,0.9124737920322551,-0.26761571217390456,210838523.3,0.03,656399.0,20210831.0,271163.0,0.04,930055.0,0.02,47095.5,24.85
0.5313994957770366,0.35649007033947255,0.563344063489713,-0.35157087957321315,224376539.3,0.03,682571.0,20210901.0,280865.0,0.04,954959.0,0.02,48815.3,24.85
-0.0190514734871097,-0.04407486122607478,3.408252288261088,-0.23963065637413508,252058688.2,0.05,714181.0,20210902.0,289900.0,0.04,1026339.0,0.03,49248.9,26.81
-0.5945588264440694,-0.5252105855160084,2.7871874086226054,-0.21164560057436546,284012587.5,0.03,686568.0,20210903.0,283991.0,0.05,1008068.0,0.06,50011.0,26.81
0.5313994957770366,0.35649007033947255,0.563344063489713,-0.35157087957321315,164611825.1,0.01,574763.0,20210904.0,227732.0,0.04,776022.0,0.02,49902.6,27.47
0.5313994957770366,0.35649007033947255,0.563344063489713,0.008236980709537925,197799196.4,0.01,506792.0,20210905.0,205066.0,0.01,735688.0,0.02,51768.0,26.02
0.5313994957770366,0.35649007033947255,0.563344063489713,0.23011849455056782,237997715.3,0.01,627019.0,20210906.0,268877.0,0.03,968860.0,0.01,52667.2,29.27
0.5313994957770366,0.35649007033947255,0.563344063489713,1.3385265974771536,611376305.1,0.01,662890.0,20210907.0,276624.0,0.01,938525.0,0.01,46861.7,40.98
3.4381506612546664,0.7405927850611581,-0.1822404791432818,1.116645083636124,335884186.5,0.01,653910.0,20210908.0,270483.0,0.01,907794.0,0.02,46048.1,30.58
0.5313994957770366,0.35649007033947255,0.563344063489713,0.45200000839159776,267985685.5,0.01,691292.0,20210909.0,274384.0,0.01,937415.0,0.01,46393.1,27.97
1.7385612124975363,1.1570084797020808,2.5961643621804753,0.26709874685740603,285236810.2,0.01,640477.0,20210910.0,261371.0,0.01,906178.0,0.01,44850.3,24.72
0.5313994957770366,0.35649007033947255,0.563344063489713,0.04521723301637633,184897662.1,0.01,552535.0,20210911.0,218445.0,0.01,823454.0,0.01,45170.5,22.77
0.5313994957770366,0.35649007033947255,0.563344063489713,-0.3875516656014882,188488416.8,0.01,495873.0,20210912.0,192691.0,0.01,705573.0,0.01,46025.5,21.68
0.5313994957770366,0.35649007033947255,0.563344063489713,-0.22563812847425027,329259917.0,0.01,609049.0,20210913.0,255970.0,0.01,908372.0,0.01,44938.3,22.89
-0.06293115288880895,0.0062629396120448344,1.2278058058827055,-0.33358048655907563,222264878.2,0.01,646621.0,20210914.0,268127.0,0.01,952892.0,0.01,47108.8,21.08
-0.43645968005704255,-0.5462822230761515,-1.2454146923994436,-0.33358048655907563,218201912.8,0.01,654103.0,20210915.0,268957.0,0.01,976201.0,0.01,48124.3,21.08
-0.3438493014202904,-0.3683439503460544,1.4417068218735998,-0.33358048655907563,215858424.1,0.01,673139.0,20210916.0,271223.0,0.01,1021047.0,0.01,47738.6,22.29
-0.4103303232273875,-0.49009118958243664,-1.2454146923994436,-0.4145372551226947,204334748.2,0.01,652602.0,20210917.0,271040.0,0.01,943981.0,0.01,47300.3,21.08
0.5313994957770366,0.35649007033947255,0.563344063489713,-0.46850843416510723,172058748.1,0.01,561878.0,20210918.0,227661.0,0.01,819880.0,0.01,48294.0,19.28
0.5313994957770366,0.35649007033947255,0.563344063489713,-0.17166694943183752,187339847.2,0.01,501580.0,20210919.0,200516.0,0.01,714326.0,0.01,47242.5,22.92
1.9092289102709796,3.190421504255888,-1.2454146923994436,0.5409525071837223,481199344.8,0.01,645684.0,20210920.0,270233.0,0.01,1014971.0,0.01,43018.6,31.06
-0.3276424851588588,-0.1108017134998612,0.43323632501600706,0.6199103431902149,421193931.2,0.01,596757.0,20210921.0,244568.0,0.01,844883.0,0.01,40730.4,28.1
-0.6917997240126592,-0.6094971357565808,0.8683177109451296,0.42201602003470173,269585374.0,0.01,645903.0,20210922.0,275235.0,0.01,888195.0,0.01,43556.4,25.14
0.9761793455057017,0.28429149075282156,2.2928312834080486,0.2241216968791886,236772551.6,0.01,642773.0,20210923.0,268689.0,0.0,918846.0,0.01,44865.7,24.4
-0.6944457348308521,-0.6059851961632235,-1.2454146923994436,0.9367411534947483,410919062.9,-0.01,679045.0,20210924.0,277565.0,-0.01,958548.0,0.01,42803.9,31.06
0.5313994957770366,0.35649007033947255,0.563344063489713,0.3430581840282092,185182671.4,0.01,536442.0,20210925.0,212575.0,0.01,702530.0,0.0,42676.6,23.66
2.7685209234791297,2.484521645991095,-1.2454146923994436,-0.35157087957321315,227257670.8,0.01,494512.0,20210926.0,195560.0,0.0,699993.0,0.01,43170.6,19.21
1.3376905735413092,1.3045099426230822,-1.2454146923994436,-0.3785564690944194,202917520.4,0.01,613346.0,20210927.0,255873.0,0.01,901586.0,0.0,42137.0,19.83
0.5313994957770366,0.35649007033947255,0.563344063489713,-0.3785564690944194,206345988.1,0.0,620834.0,20210928.0,262292.0,0.0,935822.0,0.01,41018.9,19.21
0.5313994957770366,0.35649007033947255,0.563344063489713,-0.3785564690944194,184926857.3,0.0,589252.0,20210929.0,241991.0,0.0,830989.0,0.01,41536.9,17.97
-0.08487099258965854,-0.1634808074002189,1.6127316431856913,-0.431528181858269,238839823.9,0.01,706763.0,20210930.0,293074.0,0.01,1059608.0,0.01,43817.2,17.35
0.04379128344497211,-0.22669572008064814,0.7226506390979276,-0.16567015176045846,363416598.9,0.0,697433.0,20211001.0,277042.0,0.0,962201.0,0.01,48144.5,19.83
1.0619211210602282,1.2504260728853813,-0.46982486039616045,-0.35157087957321315,211051611.6,0.0,631501.0,20211002.0,259961.0,0.01,963528.0,0.01,47631.6,18.59
1.0619211210602282,1.2504260728853813,-0.46982486039616045,-0.17166694943183752,308151904.9,0.01,553275.0,20211003.0,218112.0,0.01,808347.0,0.01,48204.2,26.02
1.0619211210602282,1.2504260728853813,-0.46982486039616045,-0.0017576820760940145,509138223.2,0.01,650133.0,20211004.0,268955.0,0.01,1015651.0,0.01,49223.7,29.38
-0.6355719941260597,-0.5076508875492226,-3.174363495542459,0.20113397247223502,433273705.8,0.0,729159.0,20211005.0,312538.0,0.01,1037679.0,0.01,51462.3,33.58
2.1219020297832354,1.6170725664318713,1.2210864022390129,0.6428980675971685,609030484.6,0.01,657752.0,20211006.0,267749.0,0.01,914612.0,0.0,55314.7,41.13
1.0619211210602282,1.2504260728853813,-0.46982486039616045,0.3370613863568298,583950349.0,0.03,784172.0,20211007.0,325875.0,0.01,1144142.0,0.01,53778.6,42.81
1.0619211210602282,1.2504260728853813,-0.46982486039616045,0.20113397247223502,417615286.1,0.02,689788.0,20211008.0,280028.0,0.03,978503.0,0.03,53949.7,36.09
1.0619211210602282,1.2504260728853813,-0.46982486039616045,-0.0017576820760940145,303944142.6,0.01,620238.0,20211009.0,246189.0,0.01,991926.0,0.01,54947.7,34.42
1.0619211210602282,1.2504260728853813,-0.46982486039616045,-0.027743805318737127,415682780.3,0.02,536877.0,20211010.0,211506.0,0.01,803826.0,0.02,54663.6,25.4
1.0619211210602282,1.2504260728853813,-0.46982486039616045,0.3480555154210249,482625180.7,0.01,676676.0,20211011.0,280184.0,0.01,1009017.0,0.01,57471.9,30.08
0.6470817499929575,0.5318832320845027,0.3636425015634722,0.27909234220016454,529269410.6,0.01,673664.0,20211012.0,274155.0,0.01,937369.0,0.01,56004.5,28.74
1.0619211210602282,1.2504260728853813,-0.46982486039616045,0.14316492831556954,470511860.3,0.01,677323.0,20211013.0,288916.0,0.01,975651.0,0.01,57367.2,26.07
0.10729554308160215,0.2210765780723923,1.4723441027728195,0.24511048872901584,471000802.4,0.02,690594.0,20211014.0,282383.0,0.01,1007101.0,0.01,57344.9,27.41
1.0619211210602282,1.2504260728853813,-0.46982486039616045,0.8597822500453821,860666768.9,0.04,744869.0,20211015.0,297746.0,0.01,1017121.0,0.02,61673.9,29.41
1.0619211210602282,1.2504260728853813,-0.46982486039616045,0.6548916629399266,402479983.2,0.03,674026.0,20211016.0,270052.0,0.05,937355.0,0.01,60878.4,28.08
-0.6474790428079278,-0.5954493773831521,-2.5566583177258226,0.3320640549640141,385518488.3,0.04,559522.0,20211017.0,215883.0,0.03,823877.0,0.04,61526.2,26.64
0.648404755402054,1.4660591639175125,-1.2454146923994436,0.6488948652685476,624039708.7,0.02,693822.0,20211018.0,285368.0,0.04,1003479.0,0.04,62027.8,27.97
1.1742994055178966,1.1804214103244617,1.2006082197058532,1.0017064616013565,702243691.5,0.01,743673.0,20211019.0,312018.0,0.01,1077371.0,0.01,64285.4,28.64
-0.0300765185629135,-0.1986002033337907,0.9995060677981836,1.6003867624607118,644294797.4,0.01,713105.0,20211020.0,291813.0,0.01,977215.0,0.01,66007.2,31.3
1.0619211210602282,1.2504260728853813,-0.46982486039616045,1.3185372719058899,863866244.7,0.06,765389.0,20211021.0,320743.0,0.07,1139133.0,0.06,62210.1,32.64
-0.3803973258465801,-0.4602397030389006,1.288760396079064,0.8258003965742334,491055331.9,0.02,693316.0,20211022.0,287550.0,0.03,957015.0,0.06,60699.0,29.97
1.0619211210602282,1.2504260728853813,-0.46982486039616045,0.3320640549640141,349728982.8,0.01,597144.0,20211023.0,223941.0,0.03,826969.0,0.03,61296.2,28.64
4.120632451575711,2.523152981518024,-1.2454146923994436,-0.11069950643948252,384294281.8,0.04,554996.0,20211024.0,211220.0,0.03,737951.0,0.02,60854.0,42.13
-0.28365255530640154,-0.36717330381493535,-1.2454146923994436,0.11118200740154738,429536055.0,0.02,704167.0,20211025.0,284680.0,0.05,1079523.0,0.03,63082.8,42.94
9.679239677894484,14.302198377638007,-3.696077192734909,0.1941377085222926,439034713.6,0.06,715943.0,20211026.0,294029.0,0.04,998333.0,0.02,60329.6,50.23
1.0619211210602282,1.2504260728853813,-0.46982486039616045,0.3050784654428075,649228950.5,0.03,715873.0,20211027.0,292114.0,0.03,944035.0,0.06,58408.2,72.11
-0.06061589342289015,-0.14123852330895673,0.0927865404022277,0.11118200740154738,692607986.7,0.01,749957.0,20211028.0,295558.0,0.02,1055114.0,0.02,60590.7,72.11
1.0619211210602282,1.2504260728853813,-0.46982486039616045,0.00024125048103233775,472894245.6,0.02,758210.0,20211029.0,305733.0,0.02,1014855.0,0.01,62253.3,66.44
1.0619211210602282,1.2504260728853813,-0.46982486039616045,-0.19365520756022792,298289856.7,0.04,666759.0,20211030.0,252061.0,0.02,906672.0,0.02,61855.9,67.25
-0.576036750716719,-0.5884254981964377,-1.2454146923994436,-0.2436285214883878,408215639.5,0.05,574308.0,20211031.0,217435.0,0.02,893617.0,0.02,61293.6,48.33
0.5716552555012595,0.242547205830311,0.34178250163323204,-0.1896573424459752,489592233.2,0.03,732119.0,20211101.0,293282.0,0.03,1053426.0,0.04,60897.5,56.18
0.5716552555012595,0.242547205830311,0.34178250163323204,-0.10770110760379299,495641463.2,0.03,736296.0,20211102.0,297402.0,0.02,1035030.0,0.06,63221.9,60.41
