Time,Favorites,Retweets,Compound,Negative,Positive,Neutral,Open,High,Low,Volume,Funding Rate 0000,Funding Rate 0800,Funding Rate 1600,Bitcoin_SVI,Cryptocurrency_SVI,No. of Active Addresses,No. of Unique Addresses,Transactions
20210117.0,1769.357142857143,184.85714285714286,0.24127142857142858,0.002214285714285714,0.13471428571428573,0.8631428571428571,35992.7,36843.6,33804.9,122372685.9,0.07,0.03,0.03,19.08,13.01,1002014.0,642730.0,271874.0
20210627.0,1111.875,148.5,0.3289375,0.067875,0.160125,0.772,32283.7,34752.4,32001.2,205535768.1,-0.01,-0.02,-0.05,12.96,17.35,518219.0,379066.0,124640.0
20211005.0,106.0,32.0,-0.4019,0.145,0.068,0.787,49223.7,51887.0,49034.7,433273705.8,0.01,0.01,0.0,15.61,33.58,1037679.0,729159.0,312538.0
20210822.0,3277.4075757575756,582.5255208333333,0.3216595975378788,0.03611169507575758,0.14088972537878788,0.8229985795454545,48821.3,49490.0,48034.0,278508768.6,0.02,0.01,0.01,11.88,23.54,715639.0,474281.0,190631.0
20200430.0,994.0,153.0,0.0,0.0,0.0,1.0,8777.5,9455.9,8388.0,76967745.02,0.01,0.01,0.1,13.2,5.22,947585.0,687395.0,321972.0
20210309.0,1506.138888888889,242.30555555555554,0.24251250000000002,0.019,0.10270833333333333,0.878375,52376.9,54867.6,51833.8,165487483.1,0.02,0.07,0.04,25.44,24.99,1088598.0,782612.0,299682.0
20201027.0,300.0,50.0,0.4052666666666667,0.0,0.146,0.8540000000000001,13055.1,13785.8,13038.6,34302557.94,0.01,0.01,0.01,8.39,4.98,827512.0,600338.0,251938.0
20201121.0,254.66666666666666,37.833333333333336,0.11762500000000002,0.049249999999999995,0.123,0.82775,18659.4,18964.9,18322.3,38567436.63,0.04,0.01,0.01,18.14,8.67,1007240.0,663959.0,311189.0
20210404.0,1199.6349206349207,155.0,0.3854087301587301,0.007031746031746031,0.13485714285714287,0.8581269841269842,57052.5,58481.2,56432.6,119228330.2,0.1,0.05,0.05,14.76,27.88,1032167.0,618857.0,246007.0
20210513.0,1893.148148148148,241.1611111111111,0.4171710185185185,0.03037222222222222,0.15892685185185185,0.8107564814814814,49627.6,51360.8,45800.0,497271871.0,0.04,0.01,0.01,53.49,62.84,1187747.0,806882.0,276472.0
20210830.0,3277.4075757575756,582.5255208333333,0.3216595975378788,0.03611169507575758,0.14088972537878788,0.8229985795454545,48763.2,48869.4,46833.1,247649040.1,0.01,0.01,0.01,10.36,24.2,910173.0,591561.0,250955.0
20210316.0,1506.138888888889,242.30555555555554,0.24251250000000002,0.019,0.10270833333333333,0.878375,55607.1,56918.9,53240.3,409052587.5,0.02,0.02,0.04,16.32,20.47,1161912.0,822884.0,319493.0
20210128.0,5969.0,682.5,0.28595,0.0,0.1715,0.8285,30353.9,33761.2,29847.5,108315018.9,0.01,0.01,0.01,19.0,25.09,1097896.0,767142.0,325146.0
20201110.0,254.66666666666666,37.833333333333336,0.11762500000000002,0.049249999999999995,0.123,0.82775,15326.8,15458.1,15077.0,18125019.56,0.01,0.01,0.01,6.55,6.2,1026623.0,684892.0,303270.0
20211205.0,1522.6833333333332,230.6811287477954,0.29494732804232804,0.02447222222222222,0.12017583774250441,0.8553303350970018,49166.5,49691.2,47726.0,489318419.3,0.0,0.01,0.01,14.4,32.84,978899.0,588178.0,215213.0
20201213.0,487.42857142857144,56.57142857142857,0.13369285714285714,0.058571428571428566,0.11014285714285714,0.8312857142857143,18809.8,19411.0,18715.0,24652286.65,0.0,0.01,0.01,12.24,8.05,938739.0,611911.0,276160.0
20210414.0,3169.714285714286,445.0,0.4307285714285714,0.027285714285714285,0.1337142857142857,0.8391428571428572,63578.7,64840.0,61000.0,487298143.9,0.12,0.09,0.11,29.35,50.8,1149773.0,854552.0,297494.0
20211212.0,158.5,30.5,-0.07945,0.053,0.058,0.889,49392.0,50774.9,48650.0,280893046.0,0.01,0.01,0.01,12.24,29.74,725043.0,567489.0,214808.0
20200516.0,283.2857142857143,49.142857142857146,0.002414285714285716,0.027857142857142858,0.05742857142857143,0.9145714285714286,9316.2,9582.8,9223.9,22091623.65,0.01,0.01,0.01,5.44,3.82,880534.0,589910.0,296555.0
20200702.0,303.75,79.0,0.22745,0.0,0.06525,0.93475,9231.4,9260.4,8944.1,22009723.03,0.01,0.01,0.01,4.51,3.64,951042.0,674745.0,339469.0
20210405.0,2064.0,353.0,0.0,0.0,0.0,1.0,58201.4,59254.1,56501.0,174821106.7,0.03,0.04,0.04,15.94,30.76,1229289.0,763702.0,289046.0
20210504.0,30.0,7.0,0.7269,0.0,0.236,0.764,57159.7,57188.2,53083.3,390469293.4,0.07,0.05,0.01,17.74,72.27,1293836.0,772207.0,300824.0
20201219.0,487.42857142857144,56.57142857142857,0.13369285714285714,0.058571428571428566,0.11014285714285714,0.8312857142857143,23113.0,24166.8,22737.2,46540822.44,0.05,0.01,0.04,22.44,18.79,1158142.0,756109.0,343536.0
20211221.0,3053.5,505.0,0.19324999999999998,0.1155,0.1025,0.782,46898.1,49322.0,46655.6,357318509.0,0.01,0.01,0.01,13.34,29.15,1009227.0,747663.0,304713.0
20200802.0,191.0,53.0,0.5267,0.0,0.175,0.825,11799.8,12108.7,9998.0,89202389.65,0.05,0.1,0.04,6.84,6.2,950873.0,616214.0,287869.0
20200920.0,63.5,17.0,0.12111666666666666,0.0,0.035,0.965,11081.6,11081.6,10754.6,24039099.07,-0.01,-0.01,-0.01,4.32,4.96,820833.0,535691.0,259095.0
20210923.0,2542.5,257.5,0.7372000000000001,0.0245,0.1745,0.8015,43550.7,44978.2,43064.1,236772551.6,0.01,0.0,0.01,15.84,24.4,918846.0,642773.0,268689.0
20210611.0,1111.875,148.5,0.3289375,0.067875,0.160125,0.772,36673.0,37680.4,35926.2,209651638.4,0.01,0.01,0.0,17.29,21.11,874050.0,616007.0,216502.0
20200908.0,63.5,17.0,0.12111666666666666,0.0,0.035,0.965,10372.1,10437.5,9851.8,60912156.03,0.01,0.01,0.01,5.04,4.93,974053.0,693543.0,332668.0
20210314.0,1506.138888888889,242.30555555555554,0.24251250000000002,0.019,0.10270833333333333,0.878375,61174.3,61700.0,59000.0,186155667.7,0.06,0.08,0.08,18.72,22.92,1155175.0,736008.0,308050.0
20211229.0,63.5,19.0,0.34505,0.0,0.1155,0.8845000000000001,47543.8,48139.5,46039.5,385992871.4,0.01,0.01,0.01,12.0,28.09,1142870.0,741024.0,276083.0
20201026.0,300.0,50.0,0.4052666666666667,0.0,0.146,0.8540000000000001,13031.3,13232.4,12772.0,24137486.7,0.01,0.01,0.01,7.24,4.43,825846.0,579939.0,252494.0
20200307.0,83.4,67.0,0.33916,0.0304,0.1418,0.828,9133.9,9184.9,8789.8,7525135.261,0.04,0.04,0.03,7.1,3.04,682432.0,526880.0,313312.0
20210605.0,999.0,192.0,-0.3612,0.079,0.0,0.921,36829.3,37962.4,34800.0,265851704.3,0.01,0.01,0.01,17.02,25.5,762659.0,537842.0,194580.0
20210713.0,1651.0,266.0,0.8402,0.0,0.375,0.625,33089.0,33341.0,32195.0,118153057.6,0.01,0.01,0.01,11.33,18.44,807050.0,542415.0,229916.0
20210421.0,1199.6349206349207,155.0,0.3854087301587301,0.007031746031746031,0.13485714285714287,0.8581269841269842,56426.1,56761.7,53602.0,345339357.8,0.01,0.01,0.01,14.11,36.88,918079.0,719498.0,226021.0
20200503.0,283.2857142857143,49.142857142857146,0.002414285714285716,0.027857142857142858,0.05742857142857143,0.9145714285714286,8971.6,9195.1,8718.3,33103252.73,0.01,0.01,0.02,8.28,4.96,909805.0,553075.0,281752.0
20210610.0,1111.875,148.5,0.3289375,0.067875,0.160125,0.772,37386.3,38451.5,35800.0,294611922.5,-0.01,-0.02,0.01,19.68,22.95,948298.0,679752.0,252983.0
20211209.0,190.5,35.0,0.31755,0.0245,0.1105,0.865,50472.2,50800.0,47317.0,487901273.5,0.01,0.01,0.01,10.59,29.61,1123743.0,707394.0,282775.0
20200715.0,5.0,1.0,0.4549,0.0,0.128,0.872,9253.4,9274.5,9161.0,14428470.61,0.01,0.01,0.01,4.5,5.56,971186.0,671171.0,316064.0
20210415.0,1199.6349206349207,155.0,0.3854087301587301,0.007031746031746031,0.13485714285714287,0.8581269841269842,62954.4,63772.1,62023.9,296178401.8,0.1,0.08,0.08,24.22,48.33,1366494.0,952400.0,359440.0
20210706.0,2113.75,253.75,0.29323125,0.0265,0.12475,0.8486875,33683.7,35100.0,33510.0,151140327.8,-0.01,0.0,-0.01,9.51,15.53,853332.0,579824.0,228279.0
20210523.0,7542.5,792.0,0.38155,0.0,0.23,0.77,37446.3,38271.7,31088.0,500827223.2,0.01,-0.01,0.0,25.2,38.41,957018.0,555526.0,194320.0
20201114.0,254.66666666666666,37.833333333333336,0.11762500000000002,0.049249999999999995,0.123,0.82775,16320.8,16325.8,15701.5,18254961.33,0.01,0.01,0.01,7.2,6.2,915336.0,613373.0,273511.0
20200414.0,414.25,96.25,0.211225,0.01525,0.067,0.9175,6838.0,6974.2,6760.0,10645655.59,0.0,0.0,0.01,6.28,3.54,843493.0,583665.0,299391.0
20220118.0,1903.0,313.8333333333333,-0.010700000000000015,0.10516666666666667,0.09133333333333334,0.8035,42202.1,42675.2,41279.0,357390611.0,0.01,0.01,0.01,16.32,36.11,906852.0,654446.0,265057.0
20210103.0,176.0,16.0,0.5983,0.0,0.352,0.648,32181.3,34766.0,31500.0,190060494.2,0.12,0.12,0.11,30.6,17.35,1184688.0,812749.0,359116.0
20210429.0,93.0,15.5,0.71065,0.036,0.2125,0.7515000000000001,54833.1,55181.2,52340.1,234153663.4,0.01,0.01,0.01,15.12,30.13,986056.0,703520.0,259465.0
20200813.0,245.0,54.0,0.3094,0.111,0.191,0.699,11565.0,11787.0,11272.8,48028002.87,0.01,0.01,0.01,6.66,7.15,952528.0,690043.0,325346.0
20201225.0,487.42857142857144,56.57142857142857,0.13369285714285714,0.058571428571428566,0.11014285714285714,0.8312857142857143,23728.9,24783.7,23429.5,53166907.88,0.03,0.02,0.01,10.88,7.71,1021183.0,662980.0,303901.0
20200306.0,83.4,67.0,0.33916,0.0304,0.1418,0.828,9056.2,9168.7,8989.1,8833554.543,0.02,0.02,0.02,8.95,3.33,804945.0,601698.0,338383.0
20201113.0,254.66666666666666,37.833333333333336,0.11762500000000002,0.049249999999999995,0.123,0.82775,16290.4,16472.3,15954.2,28383384.22,0.01,0.01,0.01,9.16,6.2,999523.0,685725.0,300040.0
20211208.0,235.0,23.333333333333332,0.5753,0.0,0.20199999999999999,0.798,50582.3,51203.6,48600.0,451349974.8,0.01,0.01,0.01,10.59,30.15,927369.0,660440.0,266110.0
20200401.0,171.0,120.0,0.5267,0.061,0.184,0.754,6410.8,6678.0,6151.9,19440128.32,-0.02,-0.01,-0.05,5.29,3.72,824108.0,544088.0,281855.0
20220130.0,62.0,13.0,0.8091,0.0,0.455,0.545,38179.7,38366.0,37350.0,205231326.0,0.0,0.01,0.01,12.96,27.88,780477.0,553241.0,207173.0
20211120.0,1704.6666666666667,253.33333333333334,0.16463333333333333,0.0,0.03233333333333333,0.9676666666666667,58049.2,59850.0,57355.0,310644998.4,0.01,0.01,0.01,13.02,39.73,848464.0,634393.0,249652.0
20200406.0,414.25,96.25,0.211225,0.01525,0.067,0.9175,6771.8,7350.0,6766.1,19128356.95,0.0,0.0,0.0,8.09,5.1,780832.0,557192.0,280470.0
20200416.0,419.0,94.0,0.0,0.0,0.0,1.0,6621.7,7186.5,6475.9,18215756.03,0.0,-0.01,-0.05,6.63,3.89,880665.0,635870.0,322903.0
20200315.0,83.4,67.0,0.33916,0.0304,0.1418,0.828,5176.6,5915.0,5102.0,16138877.74,-0.05,-0.05,-0.05,9.36,3.72,629326.0,413935.0,223230.0
20201112.0,254.66666666666666,37.833333333333336,0.11762500000000002,0.049249999999999995,0.123,0.82775,15686.5,16338.3,15450.0,37911608.35,0.01,0.01,0.01,8.51,6.2,1064270.0,721180.0,324855.0
20200519.0,283.2857142857143,49.142857142857146,0.002414285714285716,0.027857142857142858,0.05742857142857143,0.9145714285714286,9731.2,9895.1,9476.6,30215416.8,-0.01,0.01,0.01,5.9,3.86,890493.0,581379.0,274897.0
20200706.0,303.75,79.0,0.22745,0.0,0.06525,0.93475,9072.4,9374.1,9060.0,34101061.35,0.01,0.01,0.01,4.88,4.64,989688.0,678157.0,338767.0
20211202.0,953.75,123.0,0.4335,0.0,0.1415,0.8585,57187.5,57372.8,55752.5,337692238.2,0.01,0.02,0.01,12.7,39.63,1184757.0,781370.0,313261.0
20210503.0,2042.5,333.0,0.8187,0.0,0.373,0.627,56568.5,58977.9,56451.3,276554749.5,0.05,0.04,0.04,17.74,59.76,1268856.0,746177.0,287007.0
20210912.0,1870.1220238095239,278.0580357142857,0.37685818452380954,0.009379464285714286,0.12210714285714286,0.8685357142857143,45170.5,46443.0,44738.1,188488416.8,0.01,0.01,0.01,9.72,21.68,705573.0,495873.0,192691.0
20211025.0,638.0,72.0,0.0,0.0,0.0,1.0,60853.9,63710.7,60658.1,429536055.0,0.03,0.05,0.02,14.71,42.94,1079523.0,704167.0,284680.0
20210717.0,2113.75,253.75,0.29323125,0.0265,0.12475,0.8486875,31383.4,31950.9,31173.6,89815389.13,0.0,0.01,0.0,10.74,15.49,640355.0,458821.0,182047.0
20200628.0,232.0,155.0,0.4019,0.0,0.072,0.928,9012.8,9189.4,8933.2,16167462.11,0.01,0.01,0.01,4.68,3.72,686270.0,500152.0,264909.0
20210729.0,2398.0,281.0,0.3818,0.0,0.071,0.929,40016.1,40648.9,39255.0,292111567.1,0.01,0.0,0.01,15.38,20.31,880689.0,620900.0,262612.0
20200909.0,63.5,17.0,0.12111666666666666,0.0,0.035,0.965,10127.1,10341.8,9983.7,30600579.13,0.01,0.01,0.01,4.73,7.43,968245.0,681429.0,314864.0
20210916.0,547.0,71.66666666666667,0.5598666666666666,0.0,0.18633333333333332,0.8136666666666666,48124.3,48520.0,47012.4,215858424.1,0.01,0.01,0.01,10.26,22.29,1021047.0,673139.0,271223.0
20210929.0,1870.1220238095239,278.0580357142857,0.37685818452380954,0.009379464285714286,0.12210714285714286,0.8685357142857143,41018.9,42593.0,40752.1,184926857.3,0.01,0.0,0.0,9.81,17.97,830989.0,589252.0,241991.0
20200409.0,414.25,96.25,0.211225,0.01525,0.067,0.9175,7359.7,7371.6,6851.0,15121575.88,0.01,0.01,-0.01,6.91,5.1,730620.0,544185.0,286706.0
20200428.0,414.25,96.25,0.211225,0.01525,0.067,0.9175,7772.2,7776.3,7660.7,10808620.91,0.01,0.01,0.01,7.4,4.25,926669.0,644967.0,323475.0
20201205.0,487.42857142857144,56.57142857142857,0.13369285714285714,0.058571428571428566,0.11014285714285714,0.8312857142857143,18652.5,19172.8,18505.7,17325178.56,0.01,0.01,0.01,9.03,6.82,1077064.0,642981.0,282599.0
20210901.0,1870.1220238095239,278.0580357142857,0.37685818452380954,0.009379464285714286,0.12210714285714286,0.8685357142857143,47095.5,49125.0,46503.8,224376539.3,0.02,0.04,0.03,10.08,24.85,954959.0,682571.0,280865.0
20211201.0,2993.0,421.6666666666667,0.2524,0.02816666666666667,0.14916666666666667,0.8228333333333334,56937.8,59038.7,56450.0,417797646.8,0.01,0.01,0.03,13.32,40.27,1057704.0,727357.0,288422.0
20200513.0,283.2857142857143,49.142857142857146,0.002414285714285716,0.027857142857142858,0.05742857142857143,0.9145714285714286,8810.5,9397.3,8790.8,32231739.18,0.01,0.01,0.01,7.08,3.75,858458.0,619855.0,296796.0
20200330.0,3.0,0.0,0.0803,0.061,0.071,0.869,5881.3,6600.0,5860.0,17904828.4,-0.03,-0.06,-0.03,5.92,3.63,770915.0,535787.0,276828.0
20211102.0,1930.9770429159316,245.61360964138743,0.33069542915931804,0.01409620811287478,0.12518903586125807,0.8607054967666079,60898.0,64281.4,60635.0,495641463.2,0.06,0.02,0.03,12.52,60.41,1035030.0,736296.0,297402.0
20201220.0,487.42857142857144,56.57142857142857,0.13369285714285714,0.058571428571428566,0.11014285714285714,0.8312857142857143,23827.1,24297.7,23085.0,39862615.54,0.07,0.08,0.04,12.6,8.67,1075417.0,638816.0,282043.0
20211225.0,1522.6833333333332,230.6811287477954,0.29494732804232804,0.02447222222222222,0.12017583774250441,0.8553303350970018,50811.0,51139.9,50180.0,237352986.8,0.01,0.01,0.01,12.43,33.68,866151.0,580922.0,207803.0
20200328.0,83.4,67.0,0.33916,0.0304,0.1418,0.828,6358.0,6358.0,6027.5,19448682.98,0.0,-0.01,-0.04,6.06,3.9,627230.0,469113.0,240627.0
20210913.0,1870.1220238095239,278.0580357142857,0.37685818452380954,0.009379464285714286,0.12210714285714286,0.8685357142857143,46025.5,46852.2,43375.0,329259917.0,0.01,0.01,0.01,11.34,22.89,908372.0,609049.0,255970.0
20200825.0,1103.925925925926,241.74074074074076,0.37940740740740736,0.016296296296296295,0.14644444444444446,0.8374074074074074,11751.4,11765.8,11080.5,50297421.23,0.01,0.01,0.01,6.75,5.76,951716.0,678008.0,304409.0
20211031.0,196.0,9.0,0.0,0.0,0.0,1.0,61855.9,62397.0,59964.0,408215639.5,0.02,0.02,0.05,11.16,48.33,893617.0,574308.0,217435.0
20220221.0,818.75,71.5,0.166775,0.02325,0.12075000000000001,0.856,38380.0,39500.0,36800.0,389078244.9,-0.01,0.01,0.0,15.35,21.19,886316.0,615656.0,237402.0
20200421.0,414.25,96.25,0.211225,0.01525,0.067,0.9175,6828.7,6940.5,6760.0,11010857.51,-0.01,-0.01,-0.01,5.93,4.06,818062.0,610555.0,310851.0
20220113.0,1483.5,235.5,0.0,0.0,0.0,1.0,43917.0,44421.0,42311.0,381607893.5,-0.01,-0.01,0.01,11.69,29.3,943218.0,695923.0,274515.0
20220131.0,1533.5,186.75,0.33752499999999996,0.08399999999999999,0.17275000000000001,0.7435,37882.5,38739.0,36626.7,333707039.6,0.01,0.01,-0.01,13.82,27.88,993797.0,671364.0,263410.0
20200719.0,709.0,227.0,0.0,0.0,0.0,1.0,9168.9,9229.0,9103.9,13991238.88,0.01,0.01,0.01,4.68,4.96,872974.0,550119.0,277093.0
20211219.0,3867.0,614.0,0.4215,0.0,0.167,0.833,46825.3,48280.0,46410.0,367966986.6,0.01,0.01,0.01,11.52,28.5,755797.0,557914.0,206719.0
20200612.0,232.0,155.0,0.4019,0.0,0.072,0.928,9280.7,9554.7,9238.4,17280083.15,0.01,0.01,0.0,5.94,4.07,909615.0,635165.0,318274.0
20200322.0,83.4,67.0,0.33916,0.0304,0.1418,0.828,6188.3,6402.0,5720.0,22804757.3,-0.01,0.0,0.01,6.84,3.72,579901.0,409829.0,209154.0
20210825.0,3277.4075757575756,582.5255208333333,0.3216595975378788,0.03611169507575758,0.14088972537878788,0.8229985795454545,47662.5,49250.0,47130.0,238867868.0,0.04,0.02,0.01,12.43,24.16,867743.0,636566.0,263009.0
20201226.0,487.42857142857144,56.57142857142857,0.13369285714285714,0.058571428571428566,0.11014285714285714,0.8312857142857143,24709.9,26869.3,24502.7,71245479.44,0.03,0.01,0.02,16.04,8.67,957062.0,627843.0,273954.0
20200514.0,13.0,14.0,0.0,0.0,0.0,1.0,9307.9,9931.8,9257.6,51588162.79,0.01,0.01,0.01,7.21,3.75,880861.0,593862.0,268750.0
20210201.0,74.4,21.4,0.07072000000000003,0.0638,0.07880000000000001,0.8573999999999999,33100.7,34693.8,32300.0,122663289.5,0.04,0.01,0.04,15.27,19.88,999221.0,724841.0,280863.0
20200927.0,63.5,17.0,0.12111666666666666,0.0,0.035,0.965,10728.9,10798.7,10589.4,12675761.19,0.01,0.01,0.01,3.96,4.34,784428.0,538619.0,259382.0
20200926.0,63.5,17.0,0.12111666666666666,0.0,0.035,0.965,10688.2,10823.0,10646.9,14666559.62,0.01,0.01,0.01,4.12,4.15,952990.0,591249.0,276162.0
20201212.0,487.42857142857144,56.57142857142857,0.13369285714285714,0.058571428571428566,0.11014285714285714,0.8312857142857143,18035.9,18942.1,18020.9,17923733.3,0.01,0.01,0.0,6.93,6.2,962538.0,654893.0,295410.0
20220103.0,904.5,113.5,0.36845000000000006,0.0,0.14,0.8600000000000001,47291.7,47577.0,45700.0,326687252.8,0.01,0.01,0.01,13.98,34.09,948843.0,630932.0,234793.0
20200522.0,283.2857142857143,49.142857142857146,0.002414285714285716,0.027857142857142858,0.05742857142857143,0.9145714285714286,9066.4,9271.5,8935.5,23049114.42,0.01,-0.01,0.0,5.76,3.71,797526.0,591400.0,278784.0
20201017.0,300.0,50.0,0.4052666666666667,0.0,0.146,0.8540000000000001,11317.9,11402.8,11259.7,7530971.688,0.01,0.01,0.01,3.94,3.55,851147.0,586741.0,275069.0
20211029.0,2672.116666666667,532.5999999999999,0.16159555555555555,0.04248888888888889,0.09638333333333333,0.8611166666666666,60590.7,62961.9,60193.0,472894245.6,0.01,0.02,0.02,13.6,66.44,1014855.0,758210.0,305733.0
20210527.0,1893.148148148148,241.1611111111111,0.4171710185185185,0.03037222222222222,0.15892685185185185,0.8107564814814814,39241.3,40399.0,37134.7,328474370.6,0.01,0.01,0.01,14.46,23.18,864432.0,602300.0,214035.0
20220119.0,6437.75,1378.5,0.168525,0.02825,0.06925,0.9025,42349.3,42559.4,41140.0,408738707.9,0.01,0.0,0.01,15.18,33.99,940760.0,663454.0,270334.0
20210413.0,1199.6349206349207,155.0,0.3854087301587301,0.007031746031746031,0.13485714285714287,0.8581269841269842,59863.4,63759.7,59815.0,430518557.6,0.09,0.08,0.09,26.42,43.37,1178027.0,839652.0,310213.0
20200703.0,303.75,79.0,0.22745,0.0,0.06525,0.93475,9087.1,9123.5,9038.1,12000862.6,0.01,0.01,0.01,3.99,3.47,944676.0,661454.0,331009.0
20210303.0,1506.138888888889,242.30555555555554,0.24251250000000002,0.019,0.10270833333333333,0.878375,48440.6,52623.9,48100.0,160801620.8,0.01,0.01,0.01,16.34,15.52,1185450.0,840642.0,333402.0
20200510.0,283.2857142857143,49.142857142857146,0.002414285714285716,0.027857142857142858,0.05742857142857143,0.9145714285714286,9537.3,9566.4,8000.0,69392679.98,0.06,0.04,0.01,9.36,4.96,869262.0,571802.0,286789.0
20210315.0,638.0,170.0,0.7073,0.0,0.158,0.842,59000.0,60632.9,54525.6,338468393.2,0.12,0.08,0.11,16.32,21.29,1167577.0,782966.0,292231.0
20200902.0,63.5,17.0,0.12111666666666666,0.0,0.035,0.965,11922.5,11952.4,11155.0,61354174.4,0.05,0.03,0.04,7.06,6.47,1029017.0,714425.0,317449.0
20210904.0,1870.1220238095239,278.0580357142857,0.37685818452380954,0.009379464285714286,0.12210714285714286,0.8685357142857143,50010.9,50548.5,49368.0,164611825.1,0.02,0.04,0.01,10.08,27.47,776022.0,574763.0,227732.0
20201003.0,300.0,50.0,0.4052666666666667,0.0,0.146,0.8540000000000001,10566.6,10599.6,10483.4,6507069.821,0.01,0.01,0.01,3.96,4.53,1002444.0,642826.0,310855.0
20200413.0,414.25,96.25,0.211225,0.01525,0.067,0.9175,6901.6,6901.6,6571.0,17006426.21,0.01,0.01,-0.02,6.63,3.8,764583.0,549230.0,288113.0
20201008.0,300.0,50.0,0.4052666666666667,0.0,0.146,0.8540000000000001,10666.7,10947.4,10532.4,20788596.2,0.0,0.0,0.0,4.36,4.34,1033122.0,698982.0,330227.0
20210220.0,74.4,21.4,0.07072000000000003,0.0638,0.07880000000000001,0.8573999999999999,55893.6,57622.6,53463.3,190744601.4,0.13,0.16,0.12,37.06,33.07,1187083.0,830094.0,320475.0
20201007.0,300.0,50.0,0.4052666666666667,0.0,0.146,0.8540000000000001,10570.1,10680.4,10532.9,15043704.95,0.01,0.0,0.0,3.96,4.14,1063425.0,762636.0,370554.0
20220222.0,193.05882352941177,36.411764705882355,0.18590588235294117,0.045647058823529416,0.08658823529411765,0.8677058823529411,37020.5,38448.4,36333.1,324319840.5,0.0,-0.01,0.0,16.98,22.86,886571.0,647191.0,260265.0
20210711.0,2113.75,253.75,0.29323125,0.0265,0.12475,0.8486875,33510.0,34611.3,33318.5,97552330.49,0.0,0.01,0.01,10.44,15.49,690684.0,436977.0,166144.0
20210731.0,2113.75,253.75,0.29323125,0.0265,0.12475,0.8486875,42202.9,42423.4,41026.4,245815752.1,0.0,0.01,0.01,15.38,21.09,720022.0,532121.0,207348.0
20200531.0,283.2857142857143,49.142857142857146,0.002414285714285716,0.027857142857142858,0.05742857142857143,0.9145714285714286,9696.2,9700.0,9398.6,23070281.26,0.01,0.01,0.01,5.76,4.34,801889.0,495162.0,258427.0
20200629.0,232.0,155.0,0.4019,0.0,0.072,0.928,9119.1,9234.9,9027.4,18164728.28,0.0,0.01,0.01,4.68,3.47,962232.0,625207.0,315424.0
20220227.0,128.0,30.0,0.10686666666666668,0.02266666666666667,0.055,0.9223333333333333,39117.3,39864.0,36977.4,388368905.7,0.01,0.01,0.0,12.96,21.07,768705.0,583361.0,211164.0
20210219.0,27.0,12.0,0.4404,0.0,0.071,0.929,51561.1,56317.7,50727.0,200656740.9,0.13,0.09,0.08,33.02,27.56,1248515.0,884319.0,341586.0
20201206.0,487.42857142857144,56.57142857142857,0.13369285714285714,0.058571428571428566,0.11014285714285714,0.8312857142857143,19147.0,19425.1,18859.3,21261532.66,0.01,0.01,0.01,7.56,6.2,906549.0,582059.0,258624.0
20210202.0,112.0,28.0,0.296,0.0,0.064,0.936,33523.0,35974.7,33411.4,101693604.8,0.07,0.04,0.04,14.14,17.17,1202183.0,865515.0,364551.0
20210401.0,1199.6349206349207,155.0,0.3854087301587301,0.007031746031746031,0.13485714285714287,0.8581269841269842,58745.5,59487.1,57879.0,186078130.9,0.06,0.11,0.1,20.53,27.46,1145125.0,814587.0,311939.0
20210727.0,543.0,63.0,-0.2732,0.1,0.0,0.9,37242.0,39554.0,36345.0,214670342.3,0.01,0.01,0.01,18.05,21.87,903400.0,600692.0,255221.0
20210327.0,116.0,4.0,0.37145,0.0,0.1995,0.8005,55031.9,56628.6,53967.5,200758048.8,0.01,0.01,0.01,16.92,18.67,1149403.0,722993.0,288259.0
20201001.0,300.0,50.0,0.4052666666666667,0.0,0.146,0.8540000000000001,10777.2,10917.5,10437.5,24280779.68,0.01,0.01,0.01,4.16,4.82,922880.0,679937.0,304757.0
20211104.0,1540.3333333333333,221.33333333333334,0.15571666666666667,0.07783333333333334,0.15316666666666665,0.769,62893.9,63086.9,60700.0,386571709.0,0.03,0.05,0.05,11.98,47.12,998917.0,729141.0,289141.0
20200504.0,283.2857142857143,49.142857142857146,0.002414285714285716,0.027857142857142858,0.05742857142857143,0.9145714285714286,8892.1,8948.7,8521.0,30837060.4,0.02,0.01,0.01,7.74,4.41,889636.0,651350.0,326098.0
20210427.0,1199.6349206349207,155.0,0.3854087301587301,0.007031746031746031,0.13485714285714287,0.8581269841269842,53997.1,55439.0,53240.8,237020455.9,0.01,0.01,0.01,17.82,33.78,1092574.0,748381.0,298109.0
20200521.0,26.0,5.0,0.1027,0.0,0.189,0.811,9512.5,9573.2,8815.8,46570300.92,0.01,-0.01,0.01,6.34,3.78,928630.0,624412.0,298483.0
20210518.0,568.75,91.0,0.558925,0.0,0.137,0.863,43531.1,45784.2,42267.2,419737500.8,0.06,0.05,0.01,40.0,50.0,856695.0,619246.0,221018.0
20200801.0,1103.925925925926,241.74074074074076,0.37940740740740736,0.016296296296296295,0.14644444444444446,0.8374074074074074,11336.3,11857.7,11206.6,68483640.24,0.04,0.03,0.03,11.13,7.02,954055.0,644333.0,296705.0
20200429.0,414.25,96.25,0.211225,0.01525,0.067,0.9175,7740.4,8964.0,7710.9,52463607.01,0.01,0.01,0.01,11.2,5.05,911617.0,679872.0,331401.0
20200309.0,83.4,67.0,0.33916,0.0304,0.1418,0.828,8035.0,8175.2,7636.3,20704818.48,0.04,0.01,0.01,16.05,5.16,809850.0,606002.0,348211.0
20200731.0,303.75,79.0,0.22745,0.0,0.06525,0.93475,11100.4,11446.3,10963.4,50063703.11,0.07,0.08,0.04,9.03,5.49,1062923.0,733209.0,356906.0
20200425.0,414.25,96.25,0.211225,0.01525,0.067,0.9175,7503.9,7700.0,7438.0,14117424.76,0.01,0.01,0.01,6.28,4.89,813456.0,554934.0,280805.0
20201109.0,254.66666666666666,37.833333333333336,0.11762500000000002,0.049249999999999995,0.123,0.82775,15477.4,15840.0,14809.2,55734917.67,0.01,0.01,0.01,7.85,6.2,1188873.0,713629.0,326383.0
20220211.0,605.5,28.25,0.28075,0.0305,0.1715,0.798,43495.4,43964.9,41952.0,445568913.5,0.01,0.0,-0.01,12.89,26.64,987669.0,664971.0,258595.0
20210712.0,2113.75,253.75,0.29323125,0.0265,0.12475,0.8486875,34263.5,34702.9,32630.4,138177733.4,0.0,0.01,0.0,11.04,17.7,838472.0,560833.0,220269.0
20210225.0,74.4,21.4,0.07072000000000003,0.0638,0.07880000000000001,0.8573999999999999,49676.5,52019.6,46624.4,184044004.4,0.04,0.02,0.02,25.3,17.46,1217040.0,830544.0,326116.0
20210630.0,1111.875,148.5,0.3289375,0.067875,0.160125,0.772,35906.6,36099.6,34022.7,200265522.0,0.0,0.01,0.01,12.4,17.35,790273.0,567655.0,218734.0
20200611.0,232.0,155.0,0.4019,0.0,0.072,0.928,9881.9,9966.2,9011.0,46587698.24,0.01,0.01,0.01,6.48,4.07,1048342.0,673800.0,332490.0
20210501.0,411.0,10.0,0.34,0.0,0.138,0.862,57697.3,58471.4,57006.3,210179438.2,0.01,0.01,0.01,14.58,33.78,1040203.0,677778.0,262991.0
20200529.0,283.2857142857143,49.142857142857146,0.002414285714285716,0.027857142857142858,0.05742857142857143,0.9145714285714286,9577.2,9603.0,9331.2,20415841.07,0.0,0.0,0.0,5.6,3.91,852420.0,591013.0,280960.0
20210819.0,8443.4,1305.0,0.06345999999999999,0.0328,0.0516,0.9155999999999999,44708.3,47049.2,43925.6,329313825.6,0.01,0.01,0.01,10.73,22.3,888796.0,613135.0,253447.0
20220110.0,1573.0,217.8,0.3978,0.0,0.1792,0.8208,41877.6,42262.6,39651.0,436052177.0,0.01,0.01,0.0,14.23,29.87,977953.0,672264.0,266743.0
20200808.0,1103.925925925926,241.74074074074076,0.37940740740740736,0.016296296296296295,0.14644444444444446,0.8374074074074074,11592.3,11805.0,11518.0,43387835.85,0.02,0.01,0.01,4.52,4.92,951540.0,625679.0,283631.0
20210924.0,17.0,4.0,0.0,0.0,0.0,1.0,44865.6,45144.1,40683.0,410919062.9,0.01,-0.01,-0.01,22.97,31.06,958548.0,679045.0,277565.0
20200929.0,13.5,20.0,0.36335,0.0,0.10500000000000001,0.895,10693.1,10872.3,10630.0,12002442.83,0.01,0.01,0.01,4.36,4.82,998051.0,735651.0,347696.0
20210802.0,3277.4075757575756,582.5255208333333,0.3216595975378788,0.03611169507575758,0.14088972537878788,0.8229985795454545,39852.1,40468.6,38689.0,283806454.7,0.01,0.01,0.01,11.42,15.42,899861.0,583866.0,239277.0
20220117.0,670.6666666666666,98.33333333333333,0.46703333333333336,0.0,0.11066666666666668,0.8893333333333334,43072.6,43176.9,41500.0,253486952.7,0.0,0.0,0.01,15.18,36.82,963405.0,638947.0,258141.0
20211226.0,3483.0,537.0,-0.5423,0.153,0.092,0.754,50405.9,51279.7,49449.8,296678249.0,0.01,0.01,0.01,11.16,29.74,774902.0,574433.0,198574.0
20210408.0,1199.6349206349207,155.0,0.3854087301587301,0.007031746031746031,0.13485714285714287,0.8581269841269842,55958.2,58141.0,55700.6,181817013.5,0.05,0.04,0.02,14.17,25.96,1092604.0,761635.0,278534.0
20210609.0,1111.875,148.5,0.3289375,0.067875,0.160125,0.772,33379.8,37534.7,32393.9,343432220.2,0.01,0.01,-0.01,22.06,22.95,817282.0,581779.0,210911.0
20220129.0,2420.050132275132,347.9093915343915,0.3216495855379189,0.03469012345679012,0.1588467372134039,0.8064850970017637,37715.6,38723.1,37305.0,271001519.9,0.0,0.0,0.01,11.84,24.84,800040.0,595231.0,231038.0
20211127.0,217.0,46.0,0.0,0.0,0.0,1.0,53720.3,55288.0,53600.0,286730318.6,0.01,0.01,0.01,14.58,39.03,777970.0,619406.0,240759.0
20200711.0,303.75,79.0,0.22745,0.0,0.06525,0.93475,9287.0,9298.7,9180.2,12748633.72,0.01,0.01,0.01,4.32,5.04,885970.0,601249.0,306771.0
20200415.0,414.25,96.25,0.211225,0.01525,0.067,0.9175,6868.4,6931.3,6607.8,12014013.68,-0.02,-0.01,0.0,5.93,3.63,926278.0,612959.0,310253.0
20210101.0,1769.357142857143,184.85714285714286,0.24127142857142858,0.002214285714285714,0.13471428571428573,0.8631428571428571,28924.9,29607.1,28633.0,48825289.88,0.04,0.02,0.03,14.06,10.53,1001890.0,609741.0,258080.0
20200809.0,1327.0,121.0,0.7351,0.0,0.131,0.869,11765.7,11794.1,11524.6,36842382.49,0.01,0.01,0.02,6.12,6.2,911571.0,564507.0,268402.0
20200509.0,35.0,2.0,0.0,0.0,0.0,1.0,9797.8,9910.1,9523.0,30867221.5,0.05,0.04,0.08,10.62,5.51,906900.0,631542.0,312399.0
20210310.0,1411.0,266.0,0.6705,0.0,0.297,0.703,54867.5,57364.0,52911.4,224565244.8,0.06,0.02,0.05,24.03,22.72,1165773.0,833186.0,344688.0
20200317.0,98.0,96.0,0.4019,0.0,0.114,0.886,5028.8,5532.0,4926.1,18269210.08,-0.09,-0.02,0.0,10.21,3.39,765477.0,540902.0,278326.0
20211021.0,2672.116666666667,532.5999999999999,0.16159555555555555,0.04248888888888889,0.09638333333333333,0.8611166666666666,66007.2,66663.4,62015.3,863866244.7,0.06,0.07,0.06,26.79,32.64,1139133.0,765389.0,320743.0
20210607.0,1111.875,148.5,0.3289375,0.067875,0.160125,0.772,35798.0,36800.0,33301.3,238469255.1,0.01,0.01,0.01,17.89,25.7,910652.0,615279.0,235479.0
20210323.0,1506.138888888889,242.30555555555554,0.24251250000000002,0.019,0.10270833333333333,0.878375,54086.8,55823.1,52986.3,239135883.5,0.05,0.02,0.03,17.55,18.67,1234149.0,810265.0,314234.0
20210224.0,74.4,21.4,0.07072000000000003,0.0638,0.07880000000000001,0.8573999999999999,48902.9,51361.9,47003.2,239303706.8,0.01,0.01,0.05,31.93,18.26,1230122.0,874171.0,358092.0
20200823.0,2582.0,679.0,0.0,0.0,0.0,1.0,11665.4,11713.6,11514.8,25727159.41,0.01,0.01,0.01,5.4,5.58,906460.0,569381.0,288728.0
20220301.0,353.51428571428573,61.02857142857143,0.006328571428571434,0.06271428571428572,0.0702,0.8671142857142857,43174.8,44966.0,42796.9,444858241.2,-0.01,0.01,0.01,17.67,29.34,1065354.0,722863.0,280634.0
20210515.0,505.0,44.9,0.40982,0.0137,0.1311,0.8552,49848.4,50660.8,46556.7,379327493.4,0.02,0.01,0.01,25.96,51.34,953308.0,646899.0,232099.0
20211001.0,1133.0,112.0,0.41005,0.0,0.1235,0.8765000000000001,43819.1,48466.6,43293.6,363416598.9,0.01,0.0,0.0,11.94,19.83,962201.0,697433.0,277042.0
20200805.0,1103.925925925926,241.74074074074076,0.37940740740740736,0.016296296296296295,0.14644444444444446,0.8374074074074074,11188.6,11782.0,11097.8,52656162.22,0.04,0.01,0.02,5.42,5.16,957619.0,655315.0,291814.0
20210724.0,2113.75,253.75,0.29323125,0.0265,0.12475,0.8486875,33634.7,34494.6,33399.9,127958831.1,0.0,-0.01,-0.01,14.35,19.12,712132.0,497255.0,198091.0
20200331.0,186.0,142.0,0.6597,0.0,0.278,0.722,6395.0,6520.0,6288.0,13159710.94,-0.01,-0.01,-0.02,5.45,3.54,816889.0,546702.0,290227.0
20200723.0,303.75,79.0,0.22745,0.0,0.06525,0.93475,9516.1,9665.6,9444.5,29514427.94,0.01,0.01,0.01,5.85,5.66,977856.0,696765.0,336245.0
20200830.0,1103.925925925926,241.74074074074076,0.37940740740740736,0.016296296296296295,0.14644444444444446,0.8374074074074074,11467.3,11715.6,11460.7,32896421.41,0.01,0.01,0.01,5.4,6.2,821271.0,555079.0,269114.0
20220121.0,468.0,72.0,0.6055,0.0,0.27749999999999997,0.7224999999999999,40680.9,41103.4,35420.0,805123488.1,0.01,0.01,0.0,29.98,51.69,1017544.0,721363.0,272348.0
20200515.0,180.0,99.0,-0.3818,0.077,0.0,0.923,9791.3,9843.4,9121.3,54085114.49,0.01,0.01,0.0,6.2,3.61,895670.0,644507.0,310642.0
20210918.0,1870.1220238095239,278.0580357142857,0.37685818452380954,0.009379464285714286,0.12210714285714286,0.8685357142857143,47300.3,48800.0,47030.0,172058748.1,0.01,0.01,0.01,8.91,19.28,819880.0,561878.0,227661.0
20210703.0,2113.75,253.75,0.29323125,0.0265,0.12475,0.8486875,33791.5,34942.6,33324.0,112243766.7,-0.01,0.0,-0.01,10.71,14.46,1027108.0,583136.0,237463.0
20211122.0,1690.25,265.0,0.2898,0.0,0.08149999999999999,0.9185,58595.6,59497.9,55630.0,591121412.0,0.01,0.01,0.01,15.23,41.51,947435.0,676350.0,279165.0
20201004.0,300.0,50.0,0.4052666666666667,0.0,0.146,0.8540000000000001,10539.0,10688.9,10516.3,6253865.131,0.01,0.0,0.01,3.96,4.34,923546.0,562147.0,268019.0
20200727.0,303.75,79.0,0.22745,0.0,0.06525,0.93475,9931.0,11380.0,9922.0,122171905.2,0.07,0.05,0.09,11.76,6.03,1022491.0,690892.0,326769.0
20211217.0,3000.5,419.0,0.24695,0.0,0.099,0.901,47624.7,48001.0,45425.6,430522904.6,0.01,0.01,0.01,12.52,29.74,979005.0,660755.0,263495.0
20200831.0,1103.925925925926,241.74074074074076,0.37940740740740736,0.016296296296296295,0.14644444444444446,0.8374074074074074,11710.9,11780.0,11572.1,33293706.41,0.01,0.01,0.01,5.82,5.83,935410.0,662241.0,302920.0
20201002.0,300.0,50.0,0.4052666666666667,0.0,0.146,0.8540000000000001,10619.4,10663.7,10371.6,21111241.49,0.01,0.0,0.0,4.36,4.43,996361.0,689077.0,315443.0
20201207.0,487.42857142857144,56.57142857142857,0.13369285714285714,0.058571428571428566,0.11014285714285714,0.8312857142857143,19360.8,19419.1,18902.0,19534653.71,0.01,0.01,0.01,8.19,6.2,1017188.0,673269.0,300906.0
20210205.0,74.4,21.4,0.07072000000000003,0.0638,0.07880000000000001,0.8573999999999999,36936.4,38300.0,36575.7,86197126.87,0.06,0.06,0.07,14.71,22.59,1257476.0,856297.0,360541.0
20200820.0,1103.925925925926,241.74074074074076,0.37940740740740736,0.016296296296296295,0.14644444444444446,0.8374074074074074,11753.4,11879.7,11667.4,35922896.97,0.02,0.02,0.01,6.48,6.03,994559.0,705709.0,333683.0
20210524.0,1075.25,99.5,0.4757,0.0,0.11075,0.88925,34687.8,39920.0,34370.3,386404645.8,0.0,-0.01,-0.01,23.13,29.8,975836.0,643231.0,234755.0
20210105.0,1769.357142857143,184.85714285714286,0.24127142857142858,0.002214285714285714,0.13471428571428573,0.8631428571428571,31993.1,34371.0,29806.1,167853552.8,0.06,0.09,0.05,20.75,14.29,1230529.0,845343.0,354091.0
20200326.0,83.4,67.0,0.33916,0.0304,0.1418,0.828,6673.0,6776.5,6412.2,14921480.05,0.01,0.0,0.01,6.22,3.62,889704.0,539881.0,292828.0
20210828.0,3277.4075757575756,582.5255208333333,0.3216595975378788,0.03611169507575758,0.14088972537878788,0.8229985795454545,49053.7,49286.0,48350.0,159023327.2,0.01,0.01,0.03,10.22,22.3,726381.0,538074.0,218268.0
20210816.0,3277.4075757575756,582.5255208333333,0.3216595975378788,0.03611169507575758,0.14088972537878788,0.8229985795454545,46980.5,48045.0,45627.7,382127783.3,0.01,0.01,0.01,12.04,24.16,978773.0,628859.0,263529.0
20201119.0,152.0,7.0,0.08675,0.0435,0.066,0.8905000000000001,17779.2,18170.7,17339.5,38367040.46,0.02,0.01,0.03,18.14,7.43,1052034.0,717377.0,311061.0
20200618.0,232.0,155.0,0.4019,0.0,0.072,0.928,9464.6,9484.6,9278.4,14321567.85,0.01,-0.01,-0.01,5.24,3.72,854866.0,582343.0,283897.0
20201201.0,72.0,7.0,0.2732,0.0,0.075,0.925,19693.8,19888.9,18011.0,68126598.18,0.03,0.05,0.04,13.89,7.95,1179012.0,841581.0,378068.0
20201010.0,300.0,50.0,0.4052666666666667,0.0,0.146,0.8540000000000001,11052.8,11488.7,11051.5,17182282.65,0.01,0.01,0.01,4.75,4.34,917402.0,631182.0,298486.0
20210725.0,2113.75,253.75,0.29323125,0.0265,0.12475,0.8486875,34256.7,35400.0,33848.3,141970016.8,-0.01,-0.03,-0.02,14.04,17.97,641796.0,440908.0,174535.0
20200812.0,1103.925925925926,241.74074074074076,0.37940740740740736,0.016296296296296295,0.14644444444444446,0.8374074074074074,11392.1,11615.8,11152.4,41577942.73,0.06,0.01,0.01,7.02,6.39,1049344.0,733894.0,346405.0
20200621.0,232.0,155.0,0.4019,0.0,0.072,0.928,9357.9,9418.8,9283.2,8723412.376,0.01,0.0,0.0,4.68,4.34,710176.0,475037.0,259440.0
20220213.0,6667.0,505.0,0.6369,0.06,0.175,0.765,42222.4,42767.7,41869.1,188255780.4,0.01,0.01,0.01,10.8,22.92,829229.0,590527.0,208977.0
20210424.0,1199.6349206349207,155.0,0.3854087301587301,0.007031746031746031,0.13485714285714287,0.8581269841269842,51109.8,51157.9,48676.5,241336360.9,0.01,0.01,0.03,17.75,29.82,1125210.0,695216.0,290690.0
20201103.0,254.66666666666666,37.833333333333336,0.11762500000000002,0.049249999999999995,0.123,0.82775,13550.8,14060.6,13277.5,35861491.18,0.01,-0.02,0.0,6.65,4.24,1029970.0,727413.0,331673.0
20220123.0,2683.0,176.0,0.42955,0.0,0.096,0.904,35064.9,36663.0,34600.8,362422689.8,0.01,0.01,0.0,18.0,30.36,764279.0,554355.0,203986.0
20200814.0,1103.925925925926,241.74074074074076,0.37940740740740736,0.016296296296296295,0.14644444444444446,0.8374074074074074,11775.7,11850.0,11635.6,34125775.08,0.01,0.02,0.04,6.66,7.05,1086754.0,755913.0,365679.0
20220116.0,7111.0,636.0,0.8555,0.0,0.331,0.669,43074.1,43477.0,42600.0,198746399.5,0.0,0.01,0.0,14.04,34.7,768912.0,569876.0,216151.0
20200822.0,1103.925925925926,241.74074074074076,0.37940740740740736,0.016296296296296295,0.14644444444444446,0.8374074074074074,11529.3,11685.0,11379.0,31954463.63,0.01,0.01,0.01,5.4,6.03,950674.0,649053.0,311699.0
20210324.0,1506.138888888889,242.30555555555554,0.24251250000000002,0.019,0.10270833333333333,0.878375,54348.4,57200.0,51499.6,351202326.2,0.04,0.05,0.02,20.05,18.67,1153475.0,780464.0,305093.0
20210528.0,1893.148148148148,241.1611111111111,0.4171710185185185,0.03037222222222222,0.15892685185185185,0.8107564814814814,38529.4,38875.0,34683.0,419888900.7,0.01,0.01,0.01,14.46,22.52,972164.0,616432.0,218311.0
20200423.0,414.25,96.25,0.211225,0.01525,0.067,0.9175,7125.6,7743.4,7005.0,22605348.53,-0.03,-0.02,-0.02,6.63,4.34,935989.0,666919.0,329045.0
20200418.0,414.25,96.25,0.211225,0.01525,0.067,0.9175,7027.0,7291.0,7016.3,9213043.586,-0.01,0.0,-0.02,5.59,3.72,847811.0,562996.0,289134.0
20211215.0,3188.0,507.85714285714283,0.19424285714285713,0.0,0.06771428571428571,0.9322857142857143,48350.8,49540.0,46539.9,467022214.6,0.01,0.01,0.01,14.23,33.46,1058257.0,707659.0,281103.0
20210710.0,2113.75,253.75,0.29323125,0.0265,0.12475,0.8486875,33815.5,34260.9,33037.0,109503559.5,-0.02,0.0,0.01,7.89,12.08,726034.0,485683.0,187263.0
20210601.0,1111.875,148.5,0.3289375,0.067875,0.160125,0.772,37257.6,37898.9,35698.1,280928353.8,0.01,0.01,0.01,17.59,25.5,914351.0,615006.0,234561.0
20220225.0,453.1,83.85,0.13679999999999998,0.04195,0.0794,0.87865,38320.9,39695.0,38015.0,386047125.7,-0.01,0.01,0.01,18.61,19.52,936543.0,687447.0,260340.0
20200321.0,83.4,67.0,0.33916,0.0304,0.1418,0.828,6205.6,6450.9,5864.0,25145709.57,0.01,0.01,0.0,8.68,3.39,637554.0,469859.0,245896.0
20220114.0,5372.5,915.5,0.4934,0.0,0.1625,0.8375,42569.6,43459.9,41713.0,315076305.5,-0.01,0.0,-0.01,11.18,27.0,959705.0,688859.0,270882.0
20210807.0,3001.0,282.0,0.5994,0.0,0.157,0.843,42839.5,44707.3,42411.0,365418851.2,0.01,0.01,0.01,12.98,22.49,724467.0,529222.0,212229.0
20200502.0,283.2857142857143,49.142857142857146,0.002414285714285716,0.027857142857142858,0.05742857142857143,0.9145714285714286,8826.4,9010.1,8755.1,19676652.98,0.01,0.01,0.01,9.2,4.69,970554.0,578296.0,286773.0
20210226.0,74.4,21.4,0.07072000000000003,0.0638,0.07880000000000001,0.8573999999999999,47082.0,48408.8,44135.0,247604118.9,0.03,0.01,0.01,26.51,15.88,1114180.0,817077.0,306416.0
20211117.0,349.0,37.5,0.68775,0.0,0.27949999999999997,0.7204999999999999,60060.8,60822.7,58358.6,527388313.7,0.01,0.01,0.01,15.39,43.88,993545.0,708703.0,290390.0
20210409.0,93.0,9.0,0.7414,0.0,0.19,0.81,58076.7,58900.0,57666.9,204849717.1,0.03,0.02,0.03,12.99,24.03,1222362.0,853581.0,324720.0
20200613.0,232.0,155.0,0.4019,0.0,0.072,0.928,9466.6,9492.6,9343.5,10083934.81,0.01,0.0,0.01,4.5,3.89,800767.0,541115.0,280181.0
20200729.0,303.75,79.0,0.22745,0.0,0.06525,0.93475,10909.8,11336.0,10450.0,60682503.56,0.1,0.08,0.07,9.87,5.76,1039672.0,717842.0,346521.0
20210207.0,74.4,21.4,0.07072000000000003,0.0638,0.07880000000000001,0.8573999999999999,39195.4,39623.6,37341.4,91972455.83,0.1,0.16,0.07,27.72,29.12,1159518.0,718596.0,286364.0
20200614.0,232.0,155.0,0.4019,0.0,0.072,0.928,9473.0,9479.4,9250.2,12849286.28,0.01,0.01,0.01,4.68,3.72,698545.0,502951.0,275723.0
20210906.0,1870.1220238095239,278.0580357142857,0.37685818452380954,0.009379464285714286,0.12210714285714286,0.8685357142857143,51768.0,52827.3,50969.3,237997715.3,0.01,0.03,0.01,15.9,29.27,968860.0,627019.0,268877.0
20201118.0,254.66666666666666,37.833333333333336,0.11762500000000002,0.049249999999999995,0.123,0.82775,17657.1,18470.2,17112.2,75996631.32,0.01,0.02,0.06,22.18,7.43,1197076.0,807705.0,362007.0
20210120.0,1769.357142857143,184.85714285714286,0.24127142857142858,0.002214285714285714,0.13471428571428573,0.8631428571428571,35899.3,36404.4,33396.2,110343206.3,0.16,0.09,0.02,16.77,11.01,1107233.0,755823.0,314809.0
20210812.0,3277.4075757575756,582.5255208333333,0.3216595975378788,0.03611169507575758,0.14088972537878788,0.8229985795454545,45520.4,46209.0,43750.0,404820768.0,0.01,0.01,0.01,13.86,24.24,842547.0,605994.0,250961.0
20210925.0,1870.1220238095239,278.0580357142857,0.37685818452380954,0.009379464285714286,0.12210714285714286,0.8685357142857143,42803.8,42969.9,41631.2,185182671.4,0.0,0.01,0.01,17.03,23.66,702530.0,536442.0,212575.0
20210420.0,1199.6349206349207,155.0,0.3854087301587301,0.007031746031746031,0.13485714285714287,0.8581269841269842,55618.7,57061.6,53328.0,480164200.6,0.01,0.01,0.01,17.29,43.16,1126908.0,829989.0,279977.0
20201016.0,300.0,50.0,0.4052666666666667,0.0,0.146,0.8540000000000001,11502.8,11538.9,11200.0,17615980.29,0.01,0.01,0.01,4.32,3.55,973228.0,712317.0,324647.0
20200901.0,63.5,17.0,0.12111666666666666,0.0,0.035,0.965,11651.6,12049.4,11530.1,52596404.71,0.02,0.01,0.02,6.85,6.2,1074307.0,795329.0,376508.0
20210127.0,564.0,94.0,0.0,0.0,0.0,1.0,32475.3,32546.9,29254.1,137625687.3,0.01,0.01,0.01,19.0,16.73,1106142.0,787548.0,323553.0
20210921.0,571.5,145.0,0.34975,0.0,0.1535,0.8465,43010.4,43648.0,39571.0,421193931.2,0.01,0.01,0.01,19.8,28.1,844883.0,596757.0,244568.0
20211004.0,2672.116666666667,532.5999999999999,0.16159555555555555,0.04248888888888889,0.09638333333333333,0.8611166666666666,48204.2,49500.0,46909.0,509138223.2,0.01,0.01,0.01,13.58,29.38,1015651.0,650133.0,268955.0
20210319.0,285.0,53.0,0.0,0.0,0.0,1.0,57648.9,59450.1,56071.0,217005823.7,0.03,0.03,0.01,13.92,18.01,1158820.0,833389.0,316180.0
20211018.0,2047.0,594.0,0.0,0.0,0.0,1.0,61526.2,62694.0,59868.3,624039708.7,0.04,0.04,0.02,20.09,27.97,1003479.0,693822.0,285368.0
20210526.0,704.0,116.0,0.7835,0.031,0.159,0.81,38320.9,40831.3,37803.6,361841801.0,0.01,0.01,0.01,16.11,25.83,933622.0,641585.0,230753.0
20201127.0,254.66666666666666,37.833333333333336,0.11762500000000002,0.049249999999999995,0.123,0.82775,17148.8,17451.2,16446.1,46106480.78,0.03,0.01,0.01,11.86,6.9,1099990.0,719237.0,322445.0
20201020.0,300.0,50.0,0.4052666666666667,0.0,0.146,0.8540000000000001,11750.1,12032.3,11680.0,28649157.2,0.01,0.01,0.01,8.5,4.75,1011847.0,713764.0,330563.0
20210221.0,74.4,21.4,0.07072000000000003,0.0638,0.07880000000000001,0.8573999999999999,55851.4,58336.3,55489.6,143658132.7,0.12,0.1,0.1,29.52,25.4,1047141.0,680893.0,271645.0
20200923.0,63.5,17.0,0.12111666666666666,0.0,0.035,0.965,10528.8,10535.4,10137.6,31686806.7,0.01,0.0,0.0,4.71,4.78,1013565.0,733591.0,349938.0
20210824.0,39.0,10.0,0.4404,0.0,0.135,0.865,49481.7,49897.1,47567.0,281234168.4,0.02,0.03,0.01,13.26,26.64,945668.0,637990.0,263984.0
20211105.0,116.0,41.0,0.852,0.0,0.368,0.632,61401.9,62604.0,60730.0,317153935.3,0.05,0.02,0.02,11.16,43.49,1037437.0,721315.0,285946.0
20210115.0,1769.357142857143,184.85714285714286,0.24127142857142858,0.002214285714285714,0.13471428571428573,0.8631428571428571,39150.6,39760.0,34364.1,177373458.9,0.07,0.06,0.06,25.39,10.07,1209589.0,808283.0,344002.0
20200708.0,303.75,79.0,0.22745,0.0,0.06525,0.93475,9255.0,9467.9,9230.0,24888589.34,0.01,0.01,0.01,5.26,6.35,1024085.0,702636.0,347455.0
20211116.0,1800.1666666666667,210.33333333333334,0.49298333333333333,0.0,0.1765,0.8235,63610.4,63613.5,58557.5,778068482.2,0.04,0.04,0.01,17.46,45.66,1030573.0,740829.0,301103.0
20200524.0,283.2857142857143,49.142857142857146,0.002414285714285716,0.027857142857142858,0.05742857142857143,0.9145714285714286,9177.4,9295.0,8700.0,27066991.11,0.01,0.01,0.01,5.76,4.34,807939.0,458476.0,214530.0
20210801.0,3277.4075757575756,582.5255208333333,0.3216595975378788,0.03611169507575758,0.14088972537878788,0.8229985795454545,41464.0,42581.7,39390.1,281739326.8,0.01,0.01,0.01,11.16,17.35,695892.0,474430.0,185157.0
20210110.0,1769.357142857143,184.85714285714286,0.24127142857142858,0.002214285714285714,0.13471428571428573,0.8631428571428571,40096.6,41330.9,34329.0,207867270.4,0.15,0.15,0.12,29.52,15.49,1177151.0,768365.0,331865.0
20211207.0,191.5,27.0,0.4333,0.0,0.129,0.871,50442.4,51930.7,50026.6,450594771.9,0.01,0.01,0.0,11.86,30.68,983177.0,725368.0,288343.0
20210608.0,1111.875,148.5,0.3289375,0.067875,0.160125,0.772,33560.0,34061.3,31000.0,358886482.9,0.01,0.01,0.0,24.45,29.37,998834.0,656191.0,246906.0
20211101.0,1930.9770429159316,245.61360964138743,0.33069542915931804,0.01409620811287478,0.12518903586125807,0.8607054967666079,61293.9,62440.6,59381.2,489592233.2,0.04,0.03,0.03,11.7,56.18,1053426.0,732119.0,293282.0
20200310.0,83.4,67.0,0.33916,0.0304,0.1418,0.828,7931.4,8147.1,7736.9,13650591.37,0.01,0.01,0.01,12.34,4.44,807778.0,601526.0,329698.0
20200622.0,232.0,155.0,0.4019,0.0,0.072,0.928,9295.0,9774.0,9278.6,20693090.67,0.01,0.01,0.01,6.17,4.74,850006.0,603576.0,301396.0
20211024.0,7296.0,895.0,0.0,0.0,0.0,1.0,61296.2,61487.6,59517.2,384294281.8,0.02,0.03,0.04,12.49,42.13,737951.0,554996.0,211220.0
20200811.0,176.0,17.0,0.4939,0.0,0.262,0.738,11890.3,11933.2,11127.3,73435511.92,0.03,0.01,0.02,7.56,6.58,1086328.0,744212.0,349952.0
20210506.0,281.0,50.0,-0.0516,0.107,0.0,0.893,57431.5,58362.4,55242.0,365133897.8,0.01,0.08,0.06,17.11,84.78,1228892.0,843433.0,311380.0
20200709.0,303.75,79.0,0.22745,0.0,0.06525,0.93475,9435.4,9439.2,9164.8,24762314.24,0.01,0.01,0.01,4.88,5.75,1033334.0,708162.0,362718.0
20220209.0,2057.4,340.4,0.13144,0.0,0.0586,0.9414,44045.7,44801.8,43122.0,365238493.8,0.01,0.01,0.01,14.65,28.5,998247.0,663348.0,265804.0
20200304.0,83.4,67.0,0.33916,0.0304,0.1418,0.828,8761.2,8847.1,8655.7,12219240.24,0.01,0.01,0.01,8.64,4.34,857423.0,625096.0,358745.0
20200609.0,232.0,155.0,0.4019,0.0,0.072,0.928,9775.8,9870.7,9566.9,27123625.31,0.01,0.01,0.01,5.94,4.43,910121.0,644690.0,327074.0
20201006.0,14.0,7.0,0.3382,0.0,0.066,0.934,10792.5,10800.0,10525.0,19270328.88,-0.01,0.0,-0.01,4.16,4.82,978521.0,692891.0,317922.0
20210111.0,1769.357142857143,184.85714285714286,0.24127142857142858,0.002214285714285714,0.13471428571428573,0.8631428571428571,38160.7,38255.9,30425.1,525506119.2,0.05,0.09,0.08,44.87,14.71,1211948.0,801285.0,333958.0
20210430.0,1199.6349206349207,155.0,0.3854087301587301,0.007031746031746031,0.13485714285714287,0.8581269841269842,53558.5,57936.4,53042.6,277531927.9,0.01,0.01,0.01,14.58,31.96,1122022.0,738101.0,289389.0
20211211.0,1522.6833333333332,230.6811287477954,0.29494732804232804,0.02447222222222222,0.12017583774250441,0.8553303350970018,47131.6,49485.0,46714.6,332513353.3,0.01,0.01,0.01,9.11,25.84,805461.0,599422.0,225733.0
20200505.0,283.2857142857143,49.142857142857146,0.002414285714285716,0.027857142857142858,0.05742857142857143,0.9145714285714286,8871.5,9107.7,8756.0,23221444.54,0.01,0.01,0.01,7.92,4.59,970464.0,652289.0,329075.0
20201015.0,300.0,50.0,0.4052666666666667,0.0,0.146,0.8540000000000001,11418.2,11610.0,11254.7,21213508.96,0.01,0.01,0.01,4.51,3.63,1035214.0,743078.0,340993.0
20210905.0,1870.1220238095239,278.0580357142857,0.37685818452380954,0.009379464285714286,0.12210714285714286,0.8685357142857143,49902.8,51885.2,49460.9,197799196.4,0.02,0.01,0.01,13.68,26.02,735688.0,506792.0,205066.0
20210109.0,1769.357142857143,184.85714285714286,0.24127142857142858,0.002214285714285714,0.13471428571428573,0.8631428571428571,40578.8,41400.0,38734.2,137081709.5,0.13,0.06,0.07,26.45,17.35,1094947.0,760179.0,321389.0
20201021.0,300.0,50.0,0.4052666666666667,0.0,0.146,0.8540000000000001,11909.6,13243.8,11887.5,65214802.65,0.0,0.0,0.01,13.71,6.09,1013298.0,687152.0,311292.0
20210915.0,407.0,21.0,0.0,0.0,0.0,1.0,47108.1,48444.2,46693.0,218201912.8,0.01,0.01,0.01,10.26,21.08,976201.0,654103.0,268957.0
20200607.0,232.0,155.0,0.4019,0.0,0.072,0.928,9668.7,9802.4,9386.0,27303228.34,0.01,0.01,0.01,5.4,4.34,690992.0,487527.0,252368.0
20201014.0,300.0,50.0,0.4052666666666667,0.0,0.146,0.8540000000000001,11420.9,11544.3,11288.4,15230957.3,0.01,0.01,0.01,4.51,3.47,952949.0,680468.0,314541.0
20211220.0,1626.6,264.2,-0.05556,0.069,0.0268,0.9042,46678.5,47525.7,45562.7,452867076.1,0.01,0.01,0.01,13.34,29.15,1015255.0,678671.0,266947.0
20211014.0,1229.0,239.5,0.56625,0.0295,0.1965,0.774,57367.2,58529.9,56795.0,471000802.4,0.01,0.01,0.02,16.05,27.41,1007101.0,690594.0,282383.0
20200818.0,1103.925925925926,241.74074074074076,0.37940740740740736,0.016296296296296295,0.14644444444444446,0.8374074074074074,12280.8,12383.1,11250.0,62737295.58,0.09,0.12,0.08,7.74,6.12,1008612.0,739835.0,346036.0
20200713.0,303.75,79.0,0.22745,0.0,0.06525,0.93475,9299.6,9339.5,9204.6,19481242.85,0.01,0.01,0.01,3.41,5.36,909653.0,638906.0,310227.0
20200925.0,63.5,17.0,0.12111666666666666,0.0,0.035,0.965,10736.2,10759.2,10554.8,22619114.45,0.0,-0.02,0.0,4.52,4.33,1140261.0,741029.0,353070.0
20210803.0,2402.25,461.25,0.294725,0.03,0.14700000000000002,0.823,39147.8,39774.0,37653.6,356802445.0,0.01,0.01,0.01,10.64,14.14,820918.0,593856.0,246198.0
20210618.0,1111.875,148.5,0.3289375,0.067875,0.160125,0.772,38094.7,38194.5,35117.3,265798131.1,0.01,0.01,0.0,12.99,20.7,825241.0,567037.0,222918.0
20211007.0,2672.116666666667,532.5999999999999,0.16159555555555555,0.04248888888888889,0.09638333333333333,0.8611166666666666,55314.7,55329.4,53376.8,583950349.0,0.01,0.01,0.03,16.97,42.81,1144142.0,784172.0,325875.0
20220206.0,1428.4158529411766,194.4133436041083,0.16554622338935573,0.04985996171802055,0.10460556115779646,0.8455173464052288,41386.8,42655.0,41117.9,230419046.4,0.01,0.01,0.01,12.6,26.64,891700.0,569036.0,219196.0
20201202.0,487.42857142857144,56.57142857142857,0.13369285714285714,0.058571428571428566,0.11014285714285714,0.8312857142857143,18770.5,19337.0,18325.0,48748096.71,0.01,0.01,0.01,11.11,6.82,1015318.0,756978.0,327019.0
20210203.0,74.4,21.4,0.07072000000000003,0.0638,0.07880000000000001,0.8573999999999999,35480.2,37651.0,35377.6,100220161.7,0.12,0.08,0.08,15.27,18.07,1187019.0,836448.0,344425.0
20200511.0,86.0,3.0,0.0,0.118,0.118,0.763,8724.7,9161.1,8198.7,90198703.45,0.01,0.01,0.01,11.38,4.04,999192.0,645065.0,305839.0
20200308.0,83.4,67.0,0.33916,0.0304,0.1418,0.828,8889.9,8889.9,8001.1,14397155.01,0.03,0.05,0.05,8.02,4.34,654911.0,501571.0,302694.0
20211012.0,2045.0,328.0,0.33525,0.045,0.13,0.825,57471.9,57670.0,53889.0,529269410.6,0.01,0.01,0.01,16.39,28.74,937369.0,673664.0,274155.0
20200710.0,5.0,8.0,0.4549,0.0,0.133,0.867,9235.2,9313.0,9128.4,18498117.24,0.01,0.01,0.01,4.51,4.94,976205.0,681724.0,345996.0
20210126.0,1273.0,71.5,0.10115,0.0,0.065,0.935,32253.6,32911.0,30824.1,120848195.2,0.04,0.01,0.01,16.96,16.73,1182517.0,768537.0,336935.0
20200329.0,83.4,67.0,0.33916,0.0304,0.1418,0.828,6239.8,6266.0,5871.5,12049077.53,-0.02,-0.02,-0.03,5.76,3.72,591287.0,428425.0,232820.0
20210820.0,1649.5,276.0,0.55135,0.0,0.21250000000000002,0.7875000000000001,46765.6,49400.4,46632.5,379218742.1,0.01,0.01,0.01,12.04,25.4,984372.0,676861.0,271837.0
20211112.0,1742.4,235.4,-0.007739999999999992,0.0874,0.0624,0.8502000000000001,64770.9,65472.7,62263.9,478645588.0,0.02,0.02,0.04,16.92,39.14,975353.0,697196.0,282049.0
20200716.0,303.75,79.0,0.22745,0.0,0.06525,0.93475,9199.0,9224.9,9046.4,16957225.84,0.01,0.01,0.01,5.58,5.56,966383.0,709099.0,345849.0
20211017.0,88.0,7.0,-0.2732,0.1,0.0,0.9,60878.5,61701.0,58977.0,385518488.3,0.04,0.03,0.04,16.92,26.64,823877.0,559522.0,215883.0
20200525.0,283.2857142857143,49.142857142857146,0.002414285714285716,0.027857142857142858,0.05742857142857143,0.9145714285714286,8716.0,8978.1,8637.6,27301546.8,0.01,0.01,0.0,6.56,4.34,828919.0,551378.0,265875.0
20220120.0,2012.4285714285713,327.42857142857144,0.2847571428571429,0.022,0.12942857142857142,0.8487142857142856,41665.9,43498.3,40563.2,432951676.3,0.01,0.01,0.01,15.56,36.11,944092.0,683613.0,271265.0
20220112.0,248.5,33.5,0.5923499999999999,0.03,0.128,0.8420000000000001,42734.5,44330.1,42456.1,379366703.3,0.01,0.0,0.01,12.71,30.45,958871.0,679922.0,271933.0
20210926.0,5252.0,884.0,0.0,0.0,0.0,1.0,42676.5,43930.0,40751.0,227257670.8,0.01,0.0,0.01,10.08,19.21,699993.0,494512.0,195560.0
20210616.0,1111.875,148.5,0.3289375,0.067875,0.160125,0.772,40154.6,40496.1,38105.2,313057464.0,0.01,0.01,0.01,14.17,21.68,954838.0,651528.0,252937.0
20210214.0,74.4,21.4,0.07072000000000003,0.0638,0.07880000000000001,0.8573999999999999,47152.5,49686.9,47026.3,163299915.8,0.08,0.09,0.15,26.28,26.64,1122976.0,698818.0,298254.0
20200616.0,232.0,155.0,0.4019,0.0,0.072,0.928,9425.4,9587.6,9373.2,21523992.03,-0.02,-0.02,0.01,5.99,3.63,986219.0,683561.0,340517.0
20200824.0,1103.925925925926,241.74074074074076,0.37940740740740736,0.016296296296296295,0.14644444444444446,0.8374074074074074,11647.4,11823.8,11588.3,26403569.7,0.01,0.01,0.01,6.56,5.49,944242.0,674821.0,329133.0
20210425.0,1199.6349206349207,155.0,0.3854087301587301,0.007031746031746031,0.13485714285714287,0.8581269841269842,50041.5,50554.6,46966.2,237153315.2,0.02,0.02,0.04,18.36,34.7,1026103.0,585806.0,241041.0
20200705.0,303.75,79.0,0.22745,0.0,0.06525,0.93475,9135.4,9143.2,8912.0,22045158.2,0.01,0.01,0.01,4.32,4.34,771473.0,509206.0,274104.0
20201111.0,254.66666666666666,37.833333333333336,0.11762500000000002,0.049249999999999995,0.123,0.82775,15298.0,15972.9,15272.2,29009509.08,0.01,0.01,0.01,7.2,6.2,1004339.0,713744.0,322277.0
20220202.0,1257.5625,208.0,0.30600625000000004,0.0040625,0.1151875,0.88075,38693.3,38860.0,36576.0,301579632.1,-0.01,0.0,0.01,13.54,30.47,954043.0,680004.0,278985.0
20210302.0,1506.138888888889,242.30555555555554,0.24251250000000002,0.019,0.10270833333333333,0.878375,49590.3,50201.6,47052.8,142575425.5,0.01,0.01,0.01,16.83,15.52,1119669.0,810035.0,338150.0
20200419.0,414.25,96.25,0.211225,0.01525,0.067,0.9175,7248.8,7262.9,7055.5,8994522.022,-0.02,-0.02,-0.01,5.76,4.34,718815.0,485888.0,251984.0
20200605.0,232.0,155.0,0.4019,0.0,0.072,0.928,9790.2,9850.0,9588.4,22769910.31,0.01,0.01,0.01,6.12,3.98,918647.0,643217.0,327082.0
20210516.0,1893.148148148148,241.1611111111111,0.4171710185185185,0.03037222222222222,0.15892685185185185,0.8107564814814814,46775.5,49785.8,43877.8,442072367.4,0.02,0.04,0.02,36.0,57.0,971649.0,604353.0,219435.0
20210702.0,2113.75,253.75,0.29323125,0.0265,0.12475,0.8486875,33500.0,33988.2,32700.8,160305767.2,0.01,0.01,0.01,11.27,14.46,809016.0,532456.0,188568.0
20200911.0,63.5,17.0,0.12111666666666666,0.0,0.035,0.965,10337.9,10395.5,10196.6,24470994.07,0.01,0.01,0.01,3.94,4.83,951505.0,677215.0,308323.0
20210910.0,3695.0,506.0,0.8004,0.053,0.308,0.639,46393.0,47032.0,44119.1,285236810.2,0.01,0.01,0.01,16.27,24.72,906178.0,640477.0,261371.0
20211224.0,51.0,10.0,0.7739,0.0,0.2,0.8,50836.6,51821.0,50401.5,362202620.3,0.0,0.01,0.01,13.64,33.68,974212.0,678663.0,260565.0
20210118.0,1769.357142857143,184.85714285714286,0.24127142857142858,0.002214285714285714,0.13471428571428573,0.8631428571428571,35824.4,37481.7,34783.1,108121789.6,0.01,0.06,0.05,17.92,11.01,1077578.0,720228.0,313816.0
20210511.0,1893.148148148148,241.1611111111111,0.4171710185185185,0.03037222222222222,0.15892685185185185,0.8107564814814814,55813.2,56856.0,54428.1,382931091.5,0.1,0.04,0.05,21.24,60.19,1258920.0,854634.0,312115.0
20210411.0,1199.6349206349207,155.0,0.3854087301587301,0.007031746031746031,0.13485714285714287,0.8581269841269842,59770.2,60687.4,59247.6,233158562.8,0.12,0.09,0.1,19.08,39.65,1043812.0,653736.0,253449.0
20200412.0,414.25,96.25,0.211225,0.01525,0.067,0.9175,6878.0,7180.4,6780.0,13484818.02,0.01,0.01,0.01,5.76,3.72,618062.0,437242.0,228529.0
20201218.0,197.5,39.0,-0.28625,0.23249999999999998,0.156,0.6115,22799.8,23279.0,22348.0,39316497.41,0.05,0.03,0.05,26.52,10.74,1194851.0,851929.0,375549.0
20220201.0,1236.0,161.8,0.10049999999999999,0.042300000000000004,0.11900000000000002,0.8387,38467.4,39286.0,38021.2,342129854.9,-0.01,0.0,0.01,14.11,35.01,1058396.0,687763.0,272984.0
20211230.0,1277.0,153.0,0.37299999999999994,0.0,0.12566666666666668,0.8743333333333334,46466.4,47906.9,45932.2,355274219.9,0.01,0.01,0.01,12.0,28.09,977727.0,679386.0,245021.0
20201221.0,487.42857142857144,56.57142857142857,0.13369285714285714,0.058571428571428566,0.11014285714285714,0.8312857142857143,23469.5,24103.4,21576.9,70516151.94,0.04,0.04,0.03,13.75,7.71,1126710.0,649848.0,269834.0
20220124.0,4799.5,605.5,0.38820000000000005,0.1325,0.2765,0.591,36253.7,37557.3,32918.7,623129340.2,0.0,0.0,0.01,23.67,33.12,967257.0,668850.0,270712.0
20200714.0,303.75,79.0,0.22745,0.0,0.06525,0.93475,9242.5,9275.0,9117.4,15757909.8,0.01,0.01,0.01,3.68,5.56,993499.0,734433.0,359847.0
20220126.0,4893.5,871.25,0.241575,0.0315,0.13175,0.83675,36958.1,38936.0,36217.9,537828487.9,-0.01,0.0,0.0,16.52,29.25,872302.0,648504.0,261070.0
20200615.0,232.0,155.0,0.4019,0.0,0.072,0.928,9340.7,9494.7,8910.6,37501853.86,0.01,0.01,0.0,6.18,3.63,867844.0,606713.0,294468.0
20210505.0,174.5,22.0,0.37645,0.0385,0.147,0.8145,53196.3,57979.7,52888.0,344232265.4,0.07,0.04,0.04,17.74,83.39,1208973.0,808208.0,309774.0
20210403.0,1199.6349206349207,155.0,0.3854087301587301,0.007031746031746031,0.13485714285714287,0.8581269841269842,58963.6,59795.0,56721.2,147434403.1,0.1,0.06,0.11,17.22,31.85,1020968.0,704293.0,281717.0
20210112.0,672.0,83.5,0.23745,0.0155,0.134,0.851,35395.0,36632.8,32542.9,240358993.7,0.05,0.03,0.05,32.47,10.07,1202314.0,796457.0,336627.0
20200417.0,414.25,96.25,0.211225,0.01525,0.067,0.9175,7101.3,7144.9,6953.5,10388113.34,0.01,0.01,0.0,6.11,3.72,844316.0,579437.0,284222.0
20210920.0,3953.0,1085.0,0.0,0.0,0.0,1.0,47242.4,47353.6,42470.5,481199344.8,0.01,0.01,0.01,19.01,31.06,1014971.0,645684.0,270233.0
20210531.0,1893.148148148148,241.1611111111111,0.4171710185185185,0.03037222222222222,0.15892685185185185,0.8107564814814814,35644.5,37500.0,34127.8,299164717.0,0.01,0.01,0.01,18.15,24.62,977895.0,599311.0,226469.0
20201011.0,189.0,2.0,0.8776,0.0,0.372,0.628,11294.5,11443.0,11269.9,10789988.67,0.01,0.01,0.01,4.32,3.72,791020.0,541483.0,256096.0
20211216.0,1751.5,283.75,0.350175,0.0,0.1025,0.8975,48873.4,49435.1,47512.0,390317185.2,0.01,0.01,0.01,12.81,29.12,873836.0,664445.0,256206.0
20200319.0,83.4,67.0,0.33916,0.0304,0.1418,0.828,5394.0,6397.7,5254.4,26041132.77,-0.03,-0.02,-0.02,10.21,3.88,709786.0,525607.0,265689.0
20211019.0,2842.0,512.6666666666666,0.5096333333333334,0.0,0.11433333333333334,0.8856666666666667,62027.7,64472.4,61324.6,702243691.5,0.01,0.01,0.01,23.62,28.64,1077371.0,743673.0,312018.0
20200316.0,83.4,67.0,0.33916,0.0304,0.1418,0.828,5361.1,5365.4,4445.0,26797090.85,-0.05,-0.03,-0.04,12.25,3.8,725120.0,532450.0,270399.0
20210619.0,1111.875,148.5,0.3289375,0.067875,0.160125,0.772,35822.9,36492.7,34811.0,200080223.6,0.01,-0.01,-0.01,12.4,20.7,688095.0,489074.0,187042.0
20210422.0,1199.6349206349207,155.0,0.3854087301587301,0.007031746031746031,0.13485714285714287,0.8581269841269842,53793.5,55474.7,50400.0,475394174.2,0.01,0.01,0.01,16.38,37.67,1114976.0,757844.0,274610.0
20211223.0,175.0,37.0,0.34505,0.0,0.099,0.901,48582.2,51369.3,48011.5,457414041.4,0.01,0.01,0.01,13.04,32.39,991240.0,744101.0,291799.0
20210402.0,1199.6349206349207,155.0,0.3854087301587301,0.007031746031746031,0.13485714285714287,0.8581269841269842,58735.7,60179.1,58460.7,151446539.6,0.05,0.07,0.11,18.55,29.65,1103476.0,795716.0,305788.0
20210326.0,1506.138888888889,242.30555555555554,0.24251250000000002,0.019,0.10270833333333333,0.878375,51301.7,55062.5,51225.3,245299757.5,0.01,0.02,0.01,17.55,16.89,1085835.0,790548.0,293610.0
20210730.0,590.0,74.0,0.0,0.0,0.0,1.0,40022.4,42308.9,38320.0,305134414.3,0.01,0.01,0.01,15.04,20.31,841162.0,629903.0,255417.0
20200910.0,19.0,4.0,0.0,0.0,0.0,1.0,10219.6,10482.7,10211.4,39177534.49,0.01,0.01,0.01,4.25,5.02,1103924.0,745318.0,345981.0
20210928.0,1870.1220238095239,278.0580357142857,0.37685818452380954,0.009379464285714286,0.12210714285714286,0.8685357142857143,42137.1,42762.2,40875.0,206345988.1,0.01,0.0,0.0,9.81,19.21,935822.0,620834.0,262292.0
20200324.0,83.4,67.0,0.33916,0.0304,0.1418,0.828,6467.1,6827.2,6361.5,24105486.68,0.01,0.01,0.01,7.62,4.09,736233.0,528586.0,278131.0
20210917.0,446.5,37.0,0.0,0.0,0.0,1.0,47738.6,48139.1,46750.6,204334748.2,0.01,0.01,0.01,9.45,21.08,943981.0,652602.0,271040.0
20210914.0,971.6666666666666,178.33333333333334,0.5153,0.018,0.12766666666666668,0.8543333333333333,44938.3,47245.4,44645.0,222264878.2,0.01,0.01,0.01,10.26,21.08,952892.0,646621.0,268127.0
20201210.0,487.42857142857144,56.57142857142857,0.13369285714285714,0.058571428571428566,0.11014285714285714,0.8312857142857143,18540.0,18552.2,17913.4,22921047.22,0.01,0.01,0.01,7.56,5.16,995137.0,713602.0,313649.0
20200721.0,303.75,79.0,0.22745,0.0,0.06525,0.93475,9160.1,9430.2,9153.1,27440003.94,0.01,0.01,0.01,5.07,5.26,927506.0,660884.0,312871.0
20210308.0,1506.138888888889,242.30555555555554,0.24251250000000002,0.019,0.10270833333333333,0.878375,50956.6,52387.5,49287.5,137751640.2,0.02,0.01,0.01,20.49,20.45,1164249.0,723503.0,291955.0
20201215.0,425.5,45.0,0.1463,0.0295,0.045,0.9255,19271.1,19568.3,19050.0,22644928.49,0.01,0.01,0.01,12.24,6.71,1047043.0,722550.0,320440.0
20201124.0,254.66666666666666,37.833333333333336,0.11762500000000002,0.049249999999999995,0.123,0.82775,18370.3,19412.5,17999.9,64022858.33,0.11,0.05,0.06,16.04,10.36,1052398.0,756417.0,333293.0
20210604.0,979.0,132.0,0.1027,0.082,0.097,0.821,39249.9,39285.7,35555.8,303419310.0,0.01,0.01,0.02,19.29,25.5,907519.0,632737.0,236672.0
20210418.0,1199.6349206349207,155.0,0.3854087301587301,0.007031746031746031,0.13485714285714287,0.8581269841269842,59995.3,60409.5,49001.0,637797282.4,0.09,0.08,0.06,24.12,47.09,1057891.0,754058.0,274735.0
20210512.0,1893.148148148148,241.1611111111111,0.4171710185185185,0.03037222222222222,0.15892685185185185,0.8107564814814814,56678.4,57990.0,48352.8,522673294.3,0.03,0.02,0.03,22.03,57.53,1245595.0,852846.0,300452.0
20210810.0,972.0,111.625,0.5180875,0.034875,0.174625,0.7905,46263.7,46707.6,44632.0,300838105.0,0.01,0.01,0.01,13.86,23.6,875882.0,626461.0,260968.0
20210809.0,3277.4075757575756,582.5255208333333,0.3216595975378788,0.03611169507575758,0.14088972537878788,0.8229985795454545,43792.5,46457.0,42780.0,353748144.7,0.01,0.01,0.01,14.41,21.05,934412.0,611235.0,252660.0
20211023.0,2672.116666666667,532.5999999999999,0.16159555555555555,0.04248888888888889,0.09638333333333333,0.8611166666666666,60698.6,61748.0,59611.0,349728982.8,0.03,0.03,0.01,16.92,28.64,826969.0,597144.0,223941.0
20200903.0,63.5,17.0,0.12111666666666666,0.0,0.035,0.965,11387.6,11458.7,9900.0,94769303.96,0.05,0.02,0.02,7.89,6.38,983249.0,691592.0,310922.0
20220207.0,126.5,31.5,0.35865,0.0265,0.1145,0.8585,42394.8,44500.0,41649.9,525826343.9,0.01,0.0,0.01,15.82,30.98,927917.0,660755.0,262034.0
20200912.0,63.5,17.0,0.12111666666666666,0.0,0.035,0.965,10387.0,10476.9,10270.1,17296369.99,0.01,0.01,0.01,3.62,4.83,890683.0,604531.0,300152.0
20220122.0,4513.8,544.2,0.34194,0.0158,0.10539999999999998,0.8789999999999999,36454.8,36828.0,34011.4,650337858.6,0.01,0.0,0.0,37.95,60.89,980566.0,662382.0,250294.0
20200701.0,303.75,79.0,0.22745,0.0,0.06525,0.93475,9136.6,9289.0,9091.0,19313717.22,0.01,0.01,0.01,4.33,3.47,1078007.0,758469.0,382570.0
20200620.0,232.0,155.0,0.4019,0.0,0.072,0.928,9309.9,9394.4,9173.4,12140491.81,0.01,0.01,0.0,4.49,3.47,760742.0,553650.0,284123.0
20210629.0,4060.0,535.0,0.8268,0.0,0.288,0.712,34490.8,36595.2,34234.4,220229621.6,0.01,0.01,0.01,14.09,18.31,792995.0,566351.0,205616.0
20220215.0,1428.4158529411766,194.4133436041083,0.16554622338935573,0.04985996171802055,0.10460556115779646,0.8455173464052288,42535.0,44800.8,42425.3,336712539.1,0.01,0.01,-0.01,12.9,24.07,1013694.0,680501.0,273623.0
20210517.0,1893.148148148148,241.1611111111111,0.4171710185185185,0.03037222222222222,0.15892685185185185,0.8107564814814814,46426.1,46617.0,42112.5,516079876.2,0.04,0.01,0.06,53.0,53.0,962984.0,684281.0,250910.0
20210902.0,1038.0,164.0,0.9696,0.0,0.372,0.628,48815.3,50380.8,48595.0,252058688.2,0.03,0.04,0.05,11.2,26.81,1026339.0,714181.0,289900.0
20200915.0,63.5,17.0,0.12111666666666666,0.0,0.035,0.965,10672.3,10930.1,10606.5,47177935.05,0.0,-0.02,0.0,5.27,4.55,976024.0,718787.0,332957.0
20210826.0,19.0,3.0,0.4767,0.0,0.084,0.916,48983.3,49342.3,46275.0,256433924.3,0.01,0.01,0.02,11.88,22.92,818959.0,625141.0,258590.0
20210114.0,1769.357142857143,184.85714285714286,0.24127142857142858,0.002214285714285714,0.13471428571428573,0.8631428571428571,37364.5,40099.9,36747.1,154324088.5,0.07,0.08,0.07,28.93,11.62,1167975.0,802110.0,338809.0
20210307.0,1506.138888888889,242.30555555555554,0.24251250000000002,0.019,0.10270833333333333,0.878375,48885.0,51424.7,48885.0,122962479.8,0.01,0.01,0.01,19.08,20.45,1043256.0,654593.0,260739.0
20210410.0,1199.6349206349207,155.0,0.3854087301587301,0.007031746031746031,0.13485714285714287,0.8581269841269842,58138.2,61350.0,57902.1,332014577.5,0.02,0.01,0.15,15.94,28.84,1163952.0,762965.0,299086.0
20210217.0,74.4,21.4,0.07072000000000003,0.0638,0.07880000000000001,0.8573999999999999,49147.7,52609.6,48931.1,170893567.5,0.14,0.1,0.09,33.69,23.89,1134666.0,829226.0,317666.0
20211126.0,4775.0,814.5,0.2601,0.0415,0.12925,0.82925,58956.3,59154.9,53500.0,646552307.4,0.01,0.01,0.03,18.14,44.61,996141.0,742035.0,292645.0
20211109.0,1123.2,116.0,0.28678,0.0164,0.133,0.8506,67509.4,68500.1,66171.6,444215755.0,0.05,0.04,0.04,21.96,45.66,1195638.0,796734.0,335411.0
20210628.0,400.0,33.0,0.9117,0.0,0.249,0.751,34703.8,35291.5,33857.4,222031983.5,-0.03,0.0,0.0,14.09,18.31,776365.0,580308.0,217898.0
20201125.0,254.66666666666666,37.833333333333336,0.11762500000000002,0.049249999999999995,0.123,0.82775,19160.0,19480.0,18479.7,48673730.69,0.08,0.08,0.04,14.65,9.2,1127776.0,812699.0,361990.0
20210416.0,24.0,5.5,0.2202,0.0,0.1465,0.8534999999999999,63152.6,63509.7,59930.8,510423835.7,0.11,0.11,0.12,26.42,73.11,933121.0,733666.0,219704.0
20210211.0,74.4,21.4,0.07072000000000003,0.0638,0.07880000000000001,0.8573999999999999,44806.1,48647.6,44005.8,188171652.0,0.11,0.08,0.08,43.56,34.72,1052110.0,796146.0,304739.0
20200828.0,1103.925925925926,241.74074074074076,0.37940740740740736,0.016296296296296295,0.14644444444444446,0.8374074074074074,11329.0,11540.0,11279.1,32362796.51,0.01,0.01,0.01,5.59,5.22,1080096.0,720277.0,352722.0
20200626.0,232.0,155.0,0.4019,0.0,0.072,0.928,9247.1,9295.5,9045.4,23256074.7,0.01,0.01,0.01,5.74,5.45,929963.0,646111.0,330381.0
20210614.0,548.0,59.0,0.7876,0.093,0.234,0.673,39015.3,41029.0,38737.2,390847958.3,-0.01,0.01,0.01,18.89,22.67,972587.0,624698.0,242416.0
20201229.0,415.0,86.0,-0.2023,0.148,0.135,0.717,27075.5,27405.0,25892.9,66288159.24,0.07,0.04,0.05,12.55,10.53,1146131.0,775919.0,336311.0
20210722.0,1931.0,423.0,0.40605,0.0,0.1525,0.8474999999999999,32144.1,32600.0,31717.0,101199710.7,-0.03,-0.02,0.0,16.45,17.52,780869.0,571344.0,230282.0
20210212.0,55.0,22.0,-0.8934,0.319,0.043,0.638,47963.1,48958.8,46181.2,159561721.4,0.17,0.13,0.13,41.58,34.72,1157108.0,857246.0,343306.0
20211218.0,1957.0,198.0,0.0322,0.0,0.0195,0.9804999999999999,46146.4,47350.0,45500.1,256921386.3,0.0,0.01,0.01,11.67,27.88,855978.0,616818.0,239170.0
20210624.0,1518.0,149.0,-0.5579,0.124,0.074,0.802,33676.1,35301.4,32306.2,213058141.8,-0.02,-0.01,0.01,21.21,20.84,843836.0,594998.0,233278.0
20210811.0,10115.0,2161.0,0.8979,0.0,0.291,0.709,45581.5,46740.0,45337.8,350803776.9,0.01,0.01,0.01,14.41,26.79,866724.0,631031.0,262437.0
20200420.0,414.25,96.25,0.211225,0.01525,0.067,0.9175,7120.7,7210.9,6751.9,16732007.28,0.01,0.0,0.0,6.11,3.97,842251.0,619559.0,310810.0
20200816.0,1103.925925925926,241.74074074074076,0.37940740740740736,0.016296296296296295,0.14644444444444446,0.8374074074074074,11854.5,11932.2,11685.0,44109139.1,0.02,0.02,0.05,6.12,6.82,892624.0,571198.0,285069.0
20210623.0,27.0,8.0,0.6249,0.077,0.221,0.702,32505.0,34839.8,31709.0,329515574.3,-0.03,0.0,-0.01,25.13,21.88,847730.0,598493.0,232704.0
20200817.0,1103.925925925926,241.74074074074076,0.37940740740740736,0.016296296296296295,0.14644444444444446,0.8374074074074074,11910.2,12450.0,11770.3,65821861.61,0.03,0.03,0.04,8.1,6.55,878796.0,652100.0,292944.0
20201228.0,487.42857142857144,56.57142857142857,0.13369285714285714,0.058571428571428566,0.11014285714285714,0.8312857142857143,26279.8,27495.8,26104.4,59942921.59,0.07,0.04,0.04,14.56,10.53,1154354.0,717073.0,308983.0
20200508.0,283.2857142857143,49.142857142857146,0.002414285714285716,0.027857142857142858,0.05742857142857143,0.9145714285714286,9981.2,10031.1,9718.0,34125127.5,0.01,0.02,0.03,12.06,5.69,949216.0,670883.0,323625.0
20210715.0,375.0,37.5,0.23579999999999998,0.086,0.2045,0.709,32819.3,33184.0,31150.0,133583939.9,-0.01,0.0,0.01,11.63,18.44,828844.0,572802.0,226234.0
20211114.0,1789.0,168.0,0.1779,0.0,0.046,0.954,64370.6,65511.1,63569.8,267874693.4,0.02,0.01,0.01,13.02,41.51,806451.0,582647.0,224016.0
20200318.0,83.4,67.0,0.33916,0.0304,0.1418,0.828,5316.8,5434.6,5000.0,17940239.5,-0.01,-0.01,-0.04,9.53,3.31,633373.0,476482.0,231254.0
20201208.0,487.42857142857144,56.57142857142857,0.13369285714285714,0.058571428571428566,0.11014285714285714,0.8312857142857143,19169.0,19293.4,18183.0,25651244.02,0.01,0.01,0.01,8.19,6.2,1057637.0,737193.0,330970.0
20200606.0,232.0,155.0,0.4019,0.0,0.072,0.928,9622.4,9733.1,9535.5,13596973.33,0.01,0.01,0.01,5.04,4.07,771819.0,548424.0,284873.0
20201126.0,254.66666666666666,37.833333333333336,0.11762500000000002,0.049249999999999995,0.123,0.82775,18722.2,18913.1,16203.3,96668242.79,0.08,0.04,0.01,16.74,9.2,1115848.0,736612.0,323975.0
20220102.0,2420.050132275132,347.9093915343915,0.3216495855379189,0.03469012345679012,0.1588467372134039,0.8064850970017637,47728.6,47990.0,46656.1,230185198.6,0.01,0.01,0.01,12.96,33.46,734444.0,534857.0,196865.0
20201230.0,487.42857142857144,56.57142857142857,0.13369285714285714,0.058571428571428566,0.11014285714285714,0.8312857142857143,27385.3,28993.4,27300.0,87153870.38,0.04,0.05,0.08,15.06,10.53,1221579.0,807268.0,338258.0
20211210.0,2208.0,421.75,-0.2172,0.19525,0.107,0.698,47545.1,50100.0,46852.7,525084431.2,0.01,0.01,0.01,10.16,28.53,930831.0,716381.0,271375.0
20220214.0,2636.8,408.8,0.43499999999999994,0.014000000000000002,0.1292,0.857,42056.3,42861.8,41525.7,382673634.4,0.01,0.01,0.0,12.6,22.92,899786.0,630477.0,247592.0
20200311.0,83.4,67.0,0.33916,0.0304,0.1418,0.828,7895.4,8000.0,7590.0,11450174.16,0.01,0.01,0.01,10.49,4.23,728889.0,528053.0,287492.0
20220204.0,4564.5,682.5,0.2997,0.0,0.0785,0.9215,37320.9,41756.4,37032.0,436101931.9,0.0,0.0,-0.01,14.4,27.23,885216.0,651781.0,247946.0
20201024.0,300.0,50.0,0.4052666666666667,0.0,0.146,0.8540000000000001,12923.9,13163.9,12871.8,17613345.27,0.01,0.01,0.01,9.33,4.96,1098917.0,657714.0,306774.0
20220101.0,62.0,6.0,-0.8934,0.292,0.051,0.657,46216.4,47936.7,46210.4,244429577.2,0.01,0.01,0.01,10.6,25.88,695722.0,512154.0,186834.0
20211204.0,1522.6833333333332,230.6811287477954,0.29494732804232804,0.02447222222222222,0.12017583774250441,0.8553303350970018,53611.6,53855.0,40589.0,813911345.4,0.03,0.01,0.01,29.74,62.01,961294.0,697287.0,253674.0
20200804.0,591.3333333333334,66.66666666666667,0.10606666666666666,0.035666666666666666,0.118,0.8466666666666667,11220.7,11410.0,11020.3,42836893.49,0.04,0.03,0.03,5.16,5.16,1003351.0,708169.0,329032.0
20210720.0,2113.75,253.75,0.29323125,0.0265,0.12475,0.8486875,30833.4,31056.4,29272.0,167764490.4,0.0,-0.02,-0.01,19.95,23.1,822257.0,571829.0,230509.0
20210716.0,2113.75,253.75,0.29323125,0.0265,0.12475,0.8486875,31877.8,32246.9,31026.0,105188036.5,0.0,-0.01,0.01,11.93,16.23,764392.0,552751.0,223466.0
20211003.0,2672.116666666667,532.5999999999999,0.16159555555555555,0.04248888888888889,0.09638333333333333,0.8611166666666666,47631.6,49219.4,47099.9,308151904.9,0.01,0.01,0.01,11.88,26.02,808347.0,553275.0,218112.0
20200810.0,1103.925925925926,241.74074074074076,0.37940740740740736,0.016296296296296295,0.14644444444444446,0.8374074074074074,11682.2,12055.7,11500.1,63427375.94,0.01,0.01,0.13,7.74,6.39,967780.0,683507.0,308367.0
20210723.0,2113.75,253.75,0.29323125,0.0265,0.12475,0.8486875,32289.8,33640.0,31964.0,105752206.3,0.0,0.0,-0.02,14.0,16.73,803246.0,581850.0,231130.0
20200427.0,414.25,96.25,0.211225,0.01525,0.067,0.9175,7692.9,7793.0,7624.5,14390225.64,0.01,0.01,0.01,7.6,4.25,876229.0,629817.0,311217.0
20201013.0,300.0,50.0,0.4052666666666667,0.0,0.146,0.8540000000000001,11530.6,11554.5,11307.6,15972907.69,0.01,0.01,0.01,4.51,3.72,1049377.0,732250.0,333215.0
20200718.0,303.75,79.0,0.22745,0.0,0.06525,0.93475,9154.2,9204.8,9122.4,12435784.2,0.01,0.01,0.01,5.58,9.51,892684.0,632584.0,311022.0
20200725.0,496.0,80.0,0.0,0.0,0.0,1.0,9540.2,9729.6,9525.7,24221598.07,0.01,0.01,0.01,5.46,5.46,972156.0,619497.0,293883.0
20210522.0,267.0,15.0,0.0,0.0,0.0,1.0,37252.7,38837.7,35210.0,380977242.3,0.01,-0.02,0.01,51.0,47.0,918673.0,603588.0,223800.0
20201009.0,300.0,50.0,0.4052666666666667,0.0,0.146,0.8540000000000001,10923.6,11101.0,10833.3,12413609.64,0.01,0.01,0.01,4.36,4.14,1006667.0,714645.0,339343.0
20200624.0,232.0,155.0,0.4019,0.0,0.072,0.928,9623.6,9668.4,9207.0,26407474.63,0.01,0.01,0.01,5.96,4.74,917620.0,625283.0,312321.0
20210507.0,1893.148148148148,241.1611111111111,0.4171710185185185,0.03037222222222222,0.15892685185185185,0.8107564814814814,56397.7,58643.2,55244.6,372658922.0,0.09,0.04,0.05,16.47,80.61,1187763.0,804452.0,307988.0
20201204.0,487.42857142857144,56.57142857142857,0.13369285714285714,0.058571428571428566,0.11014285714285714,0.8312857142857143,19425.4,19525.9,18548.6,34138071.04,0.03,0.01,0.01,10.41,6.82,1070208.0,729984.0,318894.0
20220226.0,863.8,178.6,0.13104,0.06999999999999999,0.08499999999999999,0.845,39219.6,40300.0,38560.3,306410979.9,0.0,0.01,0.01,14.37,16.17,818914.0,582374.0,220423.0
20211203.0,1603.6,210.0,0.22462,0.0,0.1044,0.8956,56484.7,57600.0,51367.0,434955898.6,0.01,0.01,0.01,13.01,38.99,1010596.0,738749.0,290139.0
20211121.0,1753.3333333333333,235.0,0.6235666666666667,0.0,0.15833333333333333,0.8416666666666667,59707.4,60039.0,58500.1,308717788.9,0.01,0.01,0.01,12.96,44.61,842004.0,586185.0,222949.0
20210417.0,2755.0,317.0,0.0,0.0,0.0,1.0,61342.7,62497.8,59599.6,328364887.7,0.12,0.05,0.05,21.28,66.91,828375.0,611196.0,194580.0
20201106.0,406.0,56.0,0.4404,0.0,0.42,0.58,15591.3,15959.6,15179.5,85899207.36,0.01,0.01,0.02,3.04,0.37,1080743.0,756129.0,340351.0
20210312.0,1506.138888888889,242.30555555555554,0.24251250000000002,0.019,0.10270833333333333,0.878375,57781.0,58057.5,55013.7,228810606.1,0.09,0.1,0.07,21.91,24.99,1186618.0,818834.0,320744.0
20200405.0,414.25,96.25,0.211225,0.01525,0.067,0.9175,6856.4,6892.1,6672.4,10722032.12,-0.01,0.0,0.0,6.12,4.34,596364.0,452282.0,240259.0
20210927.0,3089.0,548.0,0.0,0.0,0.0,1.0,43170.6,44357.1,42090.6,202917520.4,0.0,0.01,0.01,9.81,19.83,901586.0,613346.0,255873.0
20210204.0,74.4,21.4,0.07072000000000003,0.0638,0.07880000000000001,0.8573999999999999,37612.1,38700.0,36155.4,134562940.5,0.08,0.03,0.07,15.84,22.59,1226684.0,895626.0,367788.0
20200917.0,158.0,27.0,0.0,0.0,0.0,1.0,10954.7,11043.7,10746.5,33985407.1,0.0,0.0,0.0,5.07,4.31,1101957.0,740029.0,348581.0
20210329.0,1506.138888888889,242.30555555555554,0.24251250000000002,0.019,0.10270833333333333,0.878375,55772.8,58400.5,54926.5,251384747.3,0.01,0.01,0.01,18.55,24.16,1115525.0,776764.0,303305.0
20200408.0,414.25,96.25,0.211225,0.01525,0.067,0.9175,7198.0,7419.9,7127.7,19711882.23,0.0,0.0,0.01,7.3,4.99,760207.0,554336.0,286563.0
20200919.0,63.5,17.0,0.12111666666666666,0.0,0.035,0.965,10932.4,11178.2,10890.0,20826842.08,0.0,-0.01,-0.01,4.29,4.06,892685.0,624125.0,296357.0
20200914.0,63.5,17.0,0.12111666666666666,0.0,0.035,0.965,10329.6,10749.1,10244.6,39353163.8,0.01,0.01,0.01,5.27,4.39,1016193.0,726085.0,354020.0
20220203.0,2992.0,491.75,0.08602499999999999,0.075,0.10225,0.82275,36889.7,37381.9,36249.1,271055514.6,0.0,-0.01,0.0,13.82,27.88,931571.0,664854.0,265344.0
20200608.0,232.0,155.0,0.4019,0.0,0.072,0.928,9745.2,9796.0,9640.0,13035500.49,0.01,0.01,0.01,5.94,4.25,986341.0,625333.0,317275.0
20210922.0,21.0,3.0,0.4404,0.0,0.135,0.865,40730.3,44000.0,40568.0,269585374.0,0.01,0.01,0.01,17.82,25.14,888195.0,645903.0,275235.0
20201104.0,254.66666666666666,37.833333333333336,0.11762500000000002,0.049249999999999995,0.123,0.82775,14019.7,14256.4,13529.2,43464532.58,-0.01,-0.01,0.0,1.71,0.28,1175181.0,707247.0,320697.0
20200623.0,232.0,155.0,0.4019,0.0,0.072,0.928,9685.9,9719.8,9580.1,15509195.48,0.01,0.01,0.01,6.38,4.74,1034537.0,704215.0,355256.0
20200305.0,83.4,67.0,0.33916,0.0304,0.1418,0.828,8750.8,9153.1,8750.7,15218448.72,0.02,0.01,0.02,9.26,3.76,793221.0,603996.0,349529.0
20210108.0,1769.357142857143,184.85714285714286,0.24127142857142858,0.002214285714285714,0.13471428571428573,0.8631428571428571,39439.5,41948.3,36232.0,278784126.7,0.1,0.21,0.09,33.71,19.39,1237271.0,883788.0,358526.0
20210721.0,2113.75,253.75,0.29323125,0.0265,0.12475,0.8486875,29783.6,32844.8,29481.8,217802130.2,-0.02,-0.02,-0.04,18.55,19.12,815589.0,571507.0,235680.0
20200904.0,63.5,17.0,0.12111666666666666,0.0,0.035,0.965,10134.6,10625.0,9825.0,106170415.5,0.02,0.01,0.01,8.52,6.1,1004854.0,680093.0,298286.0
20200821.0,1103.925925925926,241.74074074074076,0.37940740740740736,0.016296296296296295,0.14644444444444446,0.8374074074074074,11858.0,11878.0,11492.8,48133950.69,0.02,0.01,0.01,5.76,6.12,1095556.0,675988.0,314297.0
20201117.0,254.66666666666666,37.833333333333336,0.11762500000000002,0.049249999999999995,0.123,0.82775,16711.8,17857.5,16527.0,53473990.92,0.01,0.01,0.01,18.14,7.43,1142716.0,770689.0,347772.0
20210129.0,3592.5,341.5,0.46605,0.0,0.2205,0.7795000000000001,33351.6,38527.2,31924.6,336548477.6,0.02,0.01,0.06,31.21,60.22,1208741.0,888960.0,341036.0
20210218.0,74.4,21.4,0.07072000000000003,0.0638,0.07880000000000001,0.8573999999999999,52114.3,52522.9,50906.4,113272339.2,0.15,0.13,0.15,29.65,23.89,1138881.0,820203.0,316952.0
20201128.0,184.0,21.0,0.0,0.0,0.0,1.0,17139.2,17873.8,16866.1,32079169.72,0.01,0.01,0.01,9.77,6.9,1038684.0,644206.0,293949.0
20210406.0,748.0,47.0,0.4215,0.0,0.203,0.797,59116.2,59497.5,57304.8,173169186.8,0.04,0.1,0.06,15.35,30.76,1180036.0,841579.0,309565.0
20220105.0,2071.0,319.1666666666667,0.17048333333333332,0.05416666666666666,0.11216666666666668,0.8336666666666667,45833.0,47052.4,42500.0,642545805.9,0.01,0.01,0.01,15.01,35.35,1023484.0,698013.0,272155.0
20200916.0,63.5,17.0,0.12111666666666666,0.0,0.035,0.965,10784.9,11091.9,10665.1,46111235.93,-0.01,-0.01,0.0,5.46,4.23,1064243.0,747111.0,342609.0
20211231.0,1218.0,187.5,0.4983,0.0,0.1315,0.8685,47122.5,48563.6,45668.7,421424853.8,0.01,0.0,0.01,11.16,23.68,1093396.0,703405.0,269540.0
20200803.0,1103.925925925926,241.74074074074076,0.37940740740740736,0.016296296296296295,0.14644444444444446,0.8374074074074074,11070.6,11477.0,10890.0,50278564.07,0.02,0.03,0.05,5.68,5.56,1080975.0,708227.0,333753.0
20211022.0,491.75,45.5,0.528,0.0,0.21925,0.78075,62210.0,63734.9,60011.0,491055331.9,0.06,0.03,0.02,21.86,29.97,957015.0,693316.0,287550.0
20200712.0,303.75,79.0,0.22745,0.0,0.06525,0.93475,9232.6,9342.7,9159.9,13174635.28,0.01,0.01,0.01,3.13,4.96,745665.0,525851.0,282364.0
20201231.0,160.0,27.0,0.5645,0.0,0.233,0.767,28868.2,29333.1,27891.4,73593306.67,0.06,0.05,0.06,15.06,9.36,1193822.0,809871.0,344918.0
20211027.0,2672.116666666667,532.5999999999999,0.16159555555555555,0.04248888888888889,0.09638333333333333,0.8611166666666666,60330.2,61488.2,57963.0,649228950.5,0.06,0.03,0.03,16.65,72.11,944035.0,715873.0,292114.0
20200819.0,1103.925925925926,241.74074074074076,0.37940740740740736,0.016296296296296295,0.14644444444444446,0.8374074074074074,11945.4,12019.6,11563.5,67083607.1,0.1,0.08,0.05,7.02,6.2,988648.0,710405.0,333879.0
20210903.0,168.0,27.0,0.8402,0.0,0.243,0.757,49248.8,51027.0,48322.5,284012587.5,0.06,0.05,0.03,11.48,26.81,1008068.0,686568.0,283991.0
20210704.0,2113.75,253.75,0.29323125,0.0265,0.12475,0.8486875,34675.2,35966.8,34349.9,103698865.6,0.0,0.0,-0.02,10.44,16.11,843475.0,467442.0,171850.0
20211119.0,6836.25,1147.25,0.260025,0.0445,0.123,0.8325,56877.8,58331.0,55600.0,417030063.7,0.01,0.01,0.01,16.28,38.55,976682.0,713194.0,284719.0
20210514.0,971.6666666666666,64.0,0.07153333333333332,0.075,0.07533333333333332,0.8496666666666667,49675.4,51465.0,48813.0,273449532.7,0.02,0.04,0.04,33.04,52.22,1066269.0,752353.0,266055.0
20210509.0,1893.148148148148,241.1611111111111,0.4171710185185185,0.03037222222222222,0.15892685185185185,0.8107564814814814,58863.1,59208.9,56227.1,337488136.0,0.05,0.05,0.04,21.24,61.96,1234486.0,690253.0,247866.0
20200827.0,694.0,126.0,0.4019,0.0,0.058,0.942,11460.8,11584.7,11127.0,54132236.31,0.01,0.01,0.01,5.79,5.4,947577.0,702891.0,328157.0
20210102.0,1769.357142857143,184.85714285714286,0.24127142857142858,0.002214285714285714,0.13471428571428573,0.8631428571428571,29333.2,33286.8,28949.2,162634217.2,0.03,0.01,0.02,25.11,14.04,1140633.0,711719.0,297111.0
20210322.0,1506.138888888889,242.30555555555554,0.24251250000000002,0.019,0.10270833333333333,0.878375,57345.3,58415.5,53667.0,237141977.0,0.01,0.05,0.05,18.17,21.33,1144113.0,781908.0,297410.0
20200601.0,232.0,155.0,0.4019,0.0,0.072,0.928,9450.2,10369.7,9422.6,36781394.78,0.01,0.01,0.0,5.94,4.16,870833.0,623944.0,308312.0
20211111.0,143.5,9.0,0.3406,0.0,0.09,0.9099999999999999,64892.2,65589.9,64109.1,355460152.1,0.06,0.02,0.01,18.0,39.73,1037951.0,724206.0,293665.0
20210502.0,1893.148148148148,241.1611111111111,0.4171710185185185,0.03037222222222222,0.15892685185185185,0.8107564814814814,57794.7,57903.7,56044.3,199206958.1,0.03,0.02,0.05,15.84,51.42,1248724.0,587240.0,235214.0
20220111.0,3610.25,511.0,0.280325,0.03025,0.1535,0.81625,41816.4,43101.5,41257.1,404571339.2,0.01,0.01,0.01,13.47,29.3,973363.0,694475.0,277698.0
20201123.0,254.66666666666666,37.833333333333336,0.11762500000000002,0.049249999999999995,0.123,0.82775,18415.1,18762.0,18009.0,43071729.58,0.07,0.1,0.08,11.86,8.05,1014814.0,671932.0,297840.0
20211030.0,2672.116666666667,532.5999999999999,0.16159555555555555,0.04248888888888889,0.09638333333333333,0.8611166666666666,62253.2,62368.0,60644.0,298289856.7,0.02,0.02,0.04,11.66,67.25,906672.0,666759.0,252061.0
20220115.0,1227.6666666666667,109.66666666666667,0.4607333333333334,0.0,0.2996666666666667,0.7003333333333334,43067.3,43800.9,42564.1,198239498.9,-0.01,0.0,0.01,9.4,27.0,819060.0,619262.0,234373.0
20210818.0,3277.4075757575756,582.5255208333333,0.3216595975378788,0.03611169507575758,0.14088972537878788,0.8229985795454545,44684.4,46015.3,44206.8,423494019.1,0.01,0.01,0.01,11.26,21.68,876483.0,604474.0,247333.0
20210318.0,1506.138888888889,242.30555555555554,0.24251250000000002,0.019,0.10270833333333333,0.878375,58882.9,60107.7,57000.0,297279816.5,0.02,0.03,0.03,14.88,19.65,1219716.0,885634.0,331718.0
20220104.0,2420.050132275132,347.9093915343915,0.3216495855379189,0.03469012345679012,0.1588467372134039,0.8064850970017637,46443.4,47529.0,45555.0,391342323.4,0.01,0.01,0.01,13.64,33.46,971141.0,680570.0,274544.0
20210116.0,1769.357142857143,184.85714285714286,0.24127142857142858,0.002214285714285714,0.13471428571428573,0.8631428571428571,36745.1,37934.9,35378.0,145880725.1,0.12,0.01,0.03,21.84,10.07,1115276.0,733398.0,308461.0
20200630.0,232.0,155.0,0.4019,0.0,0.072,0.928,9191.1,9202.0,9067.9,13205668.17,0.01,0.01,0.01,4.68,3.47,926238.0,621031.0,299733.0
20220205.0,1428.4158529411766,194.4133436041083,0.16554622338935573,0.04985996171802055,0.10460556115779646,0.8455173464052288,41579.6,41920.0,40800.0,251061235.2,0.01,0.01,0.01,14.98,29.18,951087.0,673249.0,258646.0
20200720.0,303.75,79.0,0.22745,0.0,0.06525,0.93475,9206.6,9218.7,9132.3,16242272.54,0.01,0.01,0.01,4.29,4.96,940265.0,644972.0,309747.0
20211107.0,3295.3333333333335,390.3333333333333,0.5999666666666666,0.011333333333333334,0.27266666666666667,0.7159999999999999,61467.1,63277.2,61326.7,301402150.1,0.04,0.02,0.04,13.32,41.51,826432.0,591980.0,226128.0
20211115.0,1026.0,156.0,0.07797499999999999,0.034,0.10525,0.86075,65505.1,66361.0,63368.0,383210071.3,0.01,0.02,0.02,13.62,39.73,1083387.0,708944.0,288435.0
20201005.0,300.0,50.0,0.4052666666666667,0.0,0.146,0.8540000000000001,10663.1,10798.0,10617.6,10142571.75,0.0,0.0,-0.01,4.36,4.82,946902.0,635097.0,294986.0
20210121.0,1769.357142857143,184.85714285714286,0.24127142857142858,0.002214285714285714,0.13471428571428573,0.8631428571428571,35469.6,35597.5,30064.7,224524544.1,0.02,0.04,0.05,20.81,12.01,1059467.0,736588.0,290754.0
20200918.0,63.5,17.0,0.12111666666666666,0.0,0.035,0.965,10938.8,11037.0,10815.1,22964818.35,0.0,0.01,0.01,4.68,4.39,974291.0,687638.0,325157.0
20210419.0,1199.6349206349207,155.0,0.3854087301587301,0.007031746031746031,0.13485714285714287,0.8581269841269842,56152.7,57583.4,54205.2,432634348.9,0.01,0.01,0.01,19.57,40.81,884672.0,674744.0,208413.0
20201214.0,442.0,34.0,0.0,0.0,0.0,1.0,19176.1,19348.2,19002.2,15916667.89,0.01,0.01,0.01,12.24,6.71,977389.0,696656.0,314350.0
20200320.0,125.0,95.0,0.4767,0.0,0.146,0.854,6162.2,6901.7,5661.9,37752569.82,-0.03,-0.02,0.0,10.04,3.56,734614.0,564748.0,284594.0
20201101.0,168.0,22.0,0.5423,0.0,0.143,0.857,13792.0,13891.0,13620.0,17194847.05,0.01,-0.01,0.0,6.84,4.34,897445.0,592197.0,276280.0
20210227.0,74.4,21.4,0.07072000000000003,0.0638,0.07880000000000001,0.8573999999999999,46290.2,48381.9,44836.5,134946360.0,0.01,0.03,0.04,21.09,17.46,1202477.0,775777.0,320784.0
20211110.0,1124.0,152.83333333333334,0.333,0.020166666666666666,0.1195,0.8603333333333333,66943.0,69028.0,62540.0,608460351.2,0.07,0.04,0.07,20.88,46.85,1022756.0,743397.0,301025.0
20210919.0,1870.1220238095239,278.0580357142857,0.37685818452380954,0.009379464285714286,0.12210714285714286,0.8685357142857143,48294.0,48366.5,46816.2,187339847.2,0.01,0.01,0.01,11.88,22.92,714326.0,501580.0,200516.0
20220219.0,352.0,53.0,-0.5423,0.238,0.139,0.623,39976.6,40454.0,39632.0,150092458.9,0.0,0.01,0.0,11.4,20.63,839236.0,573700.0,220673.0
20211206.0,751.5,32.0,0.68135,0.0,0.27749999999999997,0.7225,49398.5,50900.0,47120.3,626157750.5,0.01,0.01,0.01,13.98,33.38,1078373.0,701524.0,284467.0
20211008.0,2672.116666666667,532.5999999999999,0.16159555555555555,0.04248888888888889,0.09638333333333333,0.8611166666666666,53778.6,56138.6,53613.0,417615286.1,0.03,0.03,0.02,15.61,36.09,978503.0,689788.0,280028.0
